subdistrict_id,subdistrict_name,population_total,park_count,park_per_10k,elderly_care_count,elderly_care_per_10k,healthcare_count,healthcare_per_10k,culture_count,culture_per_10k,park_area_m2,park_area_m2_per_capita,elderly_care_known_capacity,elderly_care_capacity_records,healthcare_known_capacity,healthcare_capacity_records
310110001,定海路街道,89600,2,0.22321428571428573,6,0.6696428571428572,1,0.11160714285714286,1,0.11160714285714286,50900.0,0.5680803571428571,,0,65.0,1
310110006,平凉路街道,57800,2,0.34602076124567477,5,0.8650519031141868,1,0.17301038062283738,1,0.17301038062283738,35100.0,0.6072664359861591,,0,68.0,1
310110008,江浦路街道,82400,1,0.12135922330097088,3,0.3640776699029126,1,0.12135922330097088,1,0.12135922330097088,38500.0,0.4672330097087379,,0,66.0,1
310110009,四平路街道,92400,2,0.21645021645021645,2,0.21645021645021645,1,0.10822510822510822,1,0.10822510822510822,65100.0,0.7045454545454546,,0,60.0,1
310110012,控江路街道,102800,1,0.09727626459143969,4,0.38910505836575876,1,0.09727626459143969,1,0.09727626459143969,4000.0,0.038910505836575876,,0,65.0,1
310110013,长白新村街道,73800,1,0.13550135501355012,8,1.084010840108401,1,0.13550135501355012,1,0.13550135501355012,14400.0,0.1951219512195122,,0,,0
310110015,延吉新村街道,84900,2,0.23557126030624262,7,0.8244994110718492,1,0.11778563015312131,1,0.11778563015312131,230000.0,2.7090694935217905,,0,65.0,1
310110016,殷行街道,182500,3,0.1643835616438356,11,0.6027397260273972,1,0.05479452054794521,1,0.05479452054794521,1295400.0,7.098082191780822,,0,50.0,1
310110018,大桥街道,95400,2,0.20964360587002095,7,0.7337526205450733,1,0.10482180293501048,1,0.10482180293501048,16719.6,0.1752578616352201,,0,99.0,1
310110019,五角场街道,144700,0,0.0,5,0.34554250172771256,1,0.0691085003455425,1,0.0691085003455425,0.0,0.0,,0,110.0,1
310110020,新江湾城街道,69400,4,0.5763688760806917,1,0.1440922190201729,1,0.1440922190201729,1,0.1440922190201729,317667.5,4.577341498559078,,0,47.0,1
310110021,长海路街道,166900,2,0.11983223487118035,6,0.35949670461354105,1,0.05991611743559017,1,0.05991611743559017,403600.0,2.4182144997004196,,0,60.0,1
