request_id,facility_type,facility_name,snap_distance_m,snap_x,snap_y,network_snap_status
P06G001,park,杨浦公园,9.7451687384881,359943.3238110738,3461891.0560334837,good
P06G002,park,波阳公园,43.90603209897834,361695.2273831374,3460965.605305006,review
P06G003,park,惠民公园,48.862250887533264,358885.67363408674,3459455.825516824,review
P06G004,park,平凉公园,66.08320135406576,360805.89700426126,3460433.8913583984,poor
P06G005,park,复兴岛公园,11.341401028290024,362693.3526209617,3462497.933968768,good
P06G006,park,延春公园,29.41014617379602,360201.560622659,3462646.448296226,good
P06G007,park,松鹤公园,6.28539709687049,358151.5395390901,3461836.222965533,good
P06G008,park,内江公园,47.790878011050076,361142.26163575094,3462523.941755007,review
P06G009,park,工农公园,15.974706172754894,360517.9660146059,3466889.6437005233,good
P06G010,park,民星公园,10.612486493102626,360225.06640585343,3465638.344865403,good
P06G012,park,江浦公园,20.522559161535234,359107.6999972201,3460137.1346554356,good
P06G013,park,大连路绿地,37.504017593210484,358097.4528152062,3459446.629917922,review
P06G014,park,军工路环岛绿地,21.919255000421842,361213.9201704566,3464682.49044991,good
P06G015,park,唐家塔口袋公园,43.94728885426633,359685.9721261244,3461633.972627765,review
P06G018,park,黄兴公园,3.7006625809056186,359922.65459276835,3463616.207284346,good
P06G019,park,新江湾城公园,7.283505795254378,358210.80415187596,3467669.6875272994,good
P06G022,park,共青森林公园,13.545212339490707,361195.74550570763,3466281.814317131,good
P06G023,elderly_care,上海市杨浦区社会福利院,144.07810157571257,360867.1436516046,3463984.712215785,poor
P06G024,elderly_care,上海欣益养老院有限公司,23.320235264303324,360246.03043430555,3465286.939555468,good
P06G025,elderly_care,上海杨浦区福象新江湾城老年福利院,19.019754600943195,358111.1384983041,3466874.178925574,good
P06G026,elderly_care,上海市杨浦区社会福利院第一分院,8.158789829216618,359007.90447792143,3459814.617108693,good
P06G028,elderly_care,上海杨浦区延吉街道养老院,62.25909195735366,360821.20283578883,3462440.080384739,poor
P06G030,elderly_care,上海杨浦区长白新村街道长馨养老院,14.186268385998382,361117.2429486698,3463140.685598406,good
P06G031,elderly_care,上海杨浦区大桥社区老年公寓,44.598878060227186,360875.79511056124,3460480.26833666,review
P06G032,elderly_care,上海杨浦区五角场街道敬老院,83.13128430932399,356195.61837326916,3465233.6963419234,poor
P06G033,elderly_care,上海市杨浦区殷行街道敬老院,0.9529401251412584,360345.20115215593,3466931.1601978755,good
P06G034,elderly_care,上海市杨浦区四平路街道敬老院,14.737133239970838,358222.4485370063,3461820.130265613,good
P06G035,elderly_care,上海杨浦区控江路街道敬老院,29.03751064750409,358720.9819330329,3461945.24233483,good
P06G036,elderly_care,上海定海社区（顺平）长者照护之家,10.764845677144073,362097.2997418943,3462139.7412346634,good
P06G037,elderly_care,上海五角场社区（国定）长者照护之家,12.333534231577971,357369.63403710857,3464647.460465373,good
P06G038,elderly_care,上海杨浦区殷行社区市光新村长者照护之家,28.04271465969968,360285.68960326095,3465849.7309916783,good
P06G039,elderly_care,上海殷行社区（闸殷）长者照护之家,25.826149708888224,359645.2313726206,3467823.1952095916,good
P06G040,elderly_care,上海杨浦区长海社区浣纱长者照护之家,12.986487240674844,360818.0629244291,3464567.8750647656,good
P06G041,elderly_care,上海延吉社区（吉善）长者照护之家,8.594136631258515,360427.7444846073,3462297.0524024135,good
P06G042,elderly_care,上海杨浦区平凉社区（怀德）长者照护之家,7.061211455899472,359194.81271971995,3459350.8350841845,good
P06G043,elderly_care,上海杨浦区长白社区（长福）长者照护之家,25.642453399503637,360956.3513776679,3462871.755946075,good
P06G044,elderly_care,上海杨浦区长白社区安康怡长者照护之家,18.435130660108555,360745.48708776594,3463455.732842518,good
P06G045,elderly_care,上海杨浦区民星第二敬老院,28.66535173415547,360830.09534069814,3465797.3835629597,good
P06G047,elderly_care,上海杨浦区新宇敬老院,19.78211664493719,359408.1221457278,3462364.859844718,good
P06G048,elderly_care,上海杨浦区寿星敬老院,51.659360434313164,360357.69011560583,3467148.091647038,review
P06G049,elderly_care,上海杨浦区水丰敬老院,7.924722807608038,360595.76051416615,3462405.6971677174,good
P06G050,elderly_care,上海杨浦区中原敬老院,39.02838261285172,360530.3675449246,3465583.794349758,review
P06G051,elderly_care,上海杨浦区世纪养老院,24.813584182014655,357089.72348293435,3462916.6542884884,good
P06G052,elderly_care,上海舒雅园敬老院,9.329921886857244,360014.94101498806,3459920.200679289,good
P06G053,elderly_care,上海杨浦区新光敬老院,17.17501355899214,360589.73120520334,3463723.6363186752,good
P06G054,elderly_care,上海杨浦区新世纪养老院,12.425480699811919,359941.4482704168,3459356.4205953237,good
P06G055,elderly_care,上海市杨浦香槟和熹会颐养院,9.777099346860487,359516.3953131306,3459188.4101753985,good
P06G056,elderly_care,上海杨浦区和禾和养老院,43.058076351108184,361859.8746313668,3464790.2656573113,review
P06G057,elderly_care,上海杨浦区红日养老院,9.84744229002756,360099.50265092886,3461501.6654928965,good
P06G058,elderly_care,上海阳光养老院,67.99148976126105,362241.0120190414,3461072.0721191117,poor
P06G059,elderly_care,上海遐福养老院有限公司,105.20863196995475,357739.90374223224,3460790.7821419938,poor
P06G060,elderly_care,上海杨浦区延吉街道耆乐园养老院,25.6938599708057,360578.94293149107,3461530.033487929,good
P06G061,elderly_care,上海怡安养老院,4.90313010835894,359858.2003923022,3462952.715107687,good
P06G062,elderly_care,上海杨浦区久安养老院,76.7291970781177,360054.2802883837,3467519.129548773,poor
P06G063,elderly_care,上海杨浦区康善养老院,6.616752343030773,357960.0334845548,3460568.7793130544,good
P06G064,elderly_care,上海江浦社区（康善）长者照护之家,6.616752343030773,357960.0334845548,3460568.7793130544,good
P06G065,elderly_care,上海杨浦区夕阳美阁养老院,35.83577848301472,359504.97498787916,3459964.3672101274,review
P06G066,elderly_care,上海市杨浦馨安老年公寓,83.06244611127968,362153.9025889843,3461004.3396503623,poor
P06G067,elderly_care,上海市杨浦长寿家园密云养老院,9.25091560034771,356459.5751285785,3461498.4323182655,good
P06G068,elderly_care,上海杨浦区市东敬老院,8.716893635975042,356740.96314336604,3464246.646292537,good
P06G069,elderly_care,上海杨浦区爱光敬老院,15.11472362884064,361857.3308682591,3461073.7808878887,good
P06G070,elderly_care,上海杨浦区怡百康养老院,19.347132644901713,360403.3788745101,3461069.1216825023,good
P06G071,elderly_care,上海杨浦区快乐靖宇养老院,9.184297911402389,359381.0231825797,3462277.7216422437,good
P06G072,elderly_care,上海杨浦区长恒养老院,114.03419205495901,360711.0527400534,3466960.6407188894,poor
P06G073,elderly_care,上海杨浦区政民敬老院,12.22163221780461,357780.4283205321,3464408.348025982,good
P06G074,elderly_care,上海杨浦区鑫光养老院,7.596632822093673,360624.32873829384,3460984.3312298004,good
P06G075,elderly_care,上海杨浦区红枫家园养老院,7.7148606494676795,360503.7281706683,3460423.330936281,good
P06G076,elderly_care,上海杨浦区康源养老院,6.892560239037672,360008.2806390373,3462165.489139212,good
P06G077,elderly_care,上海杨浦区夕阳红敬老院,30.460655872151776,360166.0519184987,3466240.352772293,review
P06G078,elderly_care,上海杨浦区海康敬老院,13.64398364074092,361685.8800583319,3460450.962440848,good
P06G079,elderly_care,上海杨浦区沁园春敬老院,48.24172185577289,361086.8773364991,3463218.205718367,review
P06G080,elderly_care,上海杨浦区宏运敬老院,9.608709434318822,362148.9826523147,3462795.7807902703,good
P06G081,elderly_care,上海杨浦区宏原敬老院,77.61790264009991,360262.4035070315,3465524.7751660454,poor
P06G082,elderly_care,上海杨浦区惠仁养老院,18.557722205565913,360189.70178160083,3459441.567848773,good
P06G084,elderly_care,上海长白社区（常乐）长者照护之家,5.757371336999699,361070.27406148467,3463319.055370621,good
P06G085,elderly_care,上海长白社区（常健）长者照护之家,5.9100890229153675,360642.13171884895,3463303.3856745576,good
P06G086,elderly_care,上海大桥社区（常康）长者照护之家,13.594612859220646,360487.9596630639,3459461.8972515315,good
P06G087,elderly_care,上海延吉社区红枫长者照护之家,18.696901105354396,359879.24987957376,3462163.9247486847,good
P06G088,healthcare,上海市杨浦区定海社区卫生服务中心,10.995631762299864,361807.09651026136,3461571.7006473276,good
P06G089,healthcare,上海市杨浦区大桥社区卫生服务中心,16.695377855341643,359589.1970948641,3461190.1680726856,good
P06G090,healthcare,上海市杨浦区平凉社区卫生服务中心,32.86360812002823,358923.4359873768,3459785.8933933103,review
P06G091,healthcare,杨浦区江浦社区卫生服务中心,12.07100201757592,358074.1457178389,3460803.826568745,good
P06G092,healthcare,杨浦区控江社区卫生服务中心,31.900652259991485,358811.4274189172,3461830.9181256457,review
P06G093,healthcare,上海市杨浦区延吉社区卫生服务中心,10.596328641146686,360383.8123272951,3462770.2929028845,good
P06G094,healthcare,杨浦区长白社区卫生服务中心,26.28331595596377,361034.02721072803,3463721.0559542603,good
P06G095,healthcare,杨浦区四平社区卫生服务中心,13.149559163611174,358161.083062201,3461548.027323747,good
P06G096,healthcare,杨浦区殷行社区卫生服务中心,1.3597517051886119,360382.54045398196,3467134.884389636,good
P06G097,healthcare,杨浦区五角场社区卫生服务中心,18.772068324695454,356913.0325128652,3464162.107669202,good
P06G098,healthcare,杨浦区长海社区卫生服务中心,11.833250972935566,360010.51044394705,3463642.8030269532,good
P06G099,healthcare,杨浦区新江湾城社区卫生服务中心,2.460000562690513,358096.53647236165,3466911.4691170757,good
P06G100,culture,定海路街道社区文化活动中心,9.11996584574173,361518.4033683129,3461634.6549422955,good
P06G102,culture,平凉路街道社区文化活动中心,3.961578440066779,359243.0253451604,3459180.550782786,good
P06G103,culture,江浦路街道社区文化活动中心,16.280762467134068,358467.3280671731,3460221.5748437163,good
P06G104,culture,控江路街道社区文化活动中心,18.863105367546098,359320.2409035442,3461470.758596603,good
P06G106,culture,长白新村街道社区文化活动中心,9.980457085952947,360972.059127944,3463442.1649788027,good
P06G107,culture,四平路街道社区文化活动中心,36.22866588734018,357845.92213797395,3461644.0397820165,review
P06G108,culture,殷行街道社区文化活动中心,18.961257078834667,360694.90475316625,3466176.9020891204,good
P06G109,culture,五角场街道社区文化活动中心,65.08908577811108,357862.4074947752,3463274.840522599,poor
P06G110,culture,长海路街道社区文化活动中心,23.649010367695144,360237.41580044717,3464686.010930009,good
P06G111,culture,新江湾城街道社区文化活动中心,11.412302144080574,357899.6501966241,3467842.422622873,good
P06G112,sports,杨浦区体育活动中心体育馆,41.37166019367334,360831.9174798125,3461655.2078451454,review
P06G113,sports,杨浦区体育活动中心体育场,105.46915437444771,360913.07011756225,3461823.854260665,poor
P06G114,sports,白洋淀足球场,31.79669758760225,361922.6395101654,3461768.0391159616,review
P06G115,sports,江浦社区市民健身中心,13.639555502030774,357808.1855408261,3460551.311102343,good
P06G116,sports,长白228街坊运动健康中心,90.98841581235219,360951.6392500334,3462699.8773609665,poor
P06G118,sports,五角场街道市民健身驿站,65.08908577811108,357862.4074947752,3463274.840522599,poor
P06G119,sports,平凉路街道市民健身驿站,3.961578440066779,359243.0253451604,3459180.550782786,good
P06G120,sports,江浦社区运动健康中心,16.280762467134068,358467.3280671731,3460221.5748437163,good
P06G121,sports,长海路街道市民健身驿站海尚店,81.21974118125628,359184.07486448286,3466923.168868963,poor
P06G122,sports,延春公园公共篮球场,29.41014617379602,360201.560622659,3462646.448296226,good
P06G123,sports,白城路社区篮球场,27.677310036139023,361029.41839962313,3466534.1423787135,good
P06G124,sports,白城路社区足球场,27.677310036139023,361029.41839962313,3466534.1423787135,good
P06G126,sports,四平社区市民健身中心,4.015248417405149,357991.87501525145,3461269.836980262,good
P06G127,sports,控江路社区运动健康中心,9.954682744252382,359247.30435370916,3461136.4785376643,good
P06G128,sports,殷行社区运动健康中心,19.427599699419403,360780.7048407492,3466578.8117264356,good
P06G129,sports,新江湾城社区市民健身中心,6.692232616629555,356852.7605018153,3466586.824239226,good
P06G130,sports,定海百姓健身房,9.11996584574173,361518.4033683129,3461634.6549422955,good
P06G131,sports,长海路街道市民健身驿站,53.50192834717848,360156.5089606643,3464657.9968629717,review
