request_id,facility_type,facility_name,official_address,official_subdistrict,query_address,status,lng,lat,precise,confidence,comprehension,level,result_type,error,status_num,wgs84_lon,wgs84_lat,within_yangpu,spatial_subdistrict,official_subdistrict_norm,spatial_subdistrict_norm,subdistrict_consistent,coord_key,same_coordinate_count,geometry_confidence,analysis_ready_accessibility,qa_reason
P06G011,park,四平科技公园,四平路1777号,四平路街道,上海市杨浦区四平路1777号,0,121.5151936003099,31.29264012790161,1.0,80.0,0.0,门址,,,0,121.50422346135049,31.288992547586822,True,五角场街道,四平路,五角场,0.0,121.504223_31.288993,1,C,False,subdistrict_mismatch
P06G015,park,唐家塔口袋公园,源泉路,控江路街道,上海市杨浦区源泉路,0,121.5374228887987,31.283730825306776,0.0,30.0,100.0,道路,,,0,121.52661535929096,31.27980425788347,True,控江路街道,控江路,控江路,1.0,121.526615_31.279804,1,C,False,confidence_below_70;not_precise
P06G016,park,国伟路公共绿地,国伟路交叉路口,新江湾城街道,上海市杨浦区国伟路交叉路口,0,121.5320778811838,31.337745326419817,0.0,30.0,100.0,道路,,,0,121.52119537789247,31.333877713525073,True,新江湾城街道,新江湾城,新江湾城,1.0,121.521195_31.333878,1,C,False,confidence_below_70;not_precise
P06G017,park,长阳路宁国路公共绿地,长阳路宁国路西南角,大桥街道,上海市杨浦区长阳路宁国路西南角,0,121.543638713775,31.26994485435317,0.0,30.0,100.0,道路,,,0,121.53286988725347,31.26592150302283,True,大桥街道,大桥,大桥,1.0,121.53287_31.265922,1,C,False,confidence_below_70;not_precise
P06G020,park,生态走廊一期,政悦路以南,新江湾城街道,上海市杨浦区政悦路以南,0,121.52912703741406,31.33500212067588,0.0,30.0,100.0,道路,,,0,121.51822334877937,31.331181492985102,True,新江湾城街道,新江湾城,新江湾城,1.0,121.518223_31.331181,2,C,False,confidence_below_70;not_precise
P06G021,park,生态走廊二期,政悦路以北,新江湾城街道,上海市杨浦区政悦路以北,0,121.52912703741406,31.33500212067588,0.0,30.0,100.0,道路,,,0,121.51822334877937,31.331181492985102,True,新江湾城街道,新江湾城,新江湾城,1.0,121.518223_31.331181,2,C,False,confidence_below_70;not_precise
P06G023,elderly_care,上海市杨浦区社会福利院,松花江路55弄5号,长白新村街道,上海市杨浦区松花江路55弄5号,0,121.54985130485144,31.3051391672929,1.0,70.0,57.0,地产小区,,,0,121.53913709025211,31.301017983074008,True,长白新村街道,长白新村,长白新村,1.0,121.539137_31.301018,1,B,False,passed_A_gate
P06G027,elderly_care,上海杨浦区汇晨长白老年福利院,民治路15号,长白新村街道,上海市杨浦区民治路15号,0,121.5573865609608,31.300795873029134,0.0,80.0,99.0,门址,,,0,121.5467172791723,31.296603700485267,True,长白新村街道,长白新村,长白新村,1.0,121.546717_31.296604,1,B,False,not_precise
P06G029,elderly_care,上海市杨浦区长海路街道敬老院,翔殷路505弄9号,长海路街道,上海市杨浦区翔殷路505弄9号,0,121.54249939289669,31.311479842585427,1.0,0.0,0.0,门址,,,0,121.53172779032805,31.307459576174374,True,长海路街道,长海路,长海路,1.0,121.531728_31.30746,1,C,False,confidence_below_70
P06G035,elderly_care,上海杨浦区控江路街道敬老院,凤城三村31号,控江路街道,上海市杨浦区凤城三村31号,0,121.52695179062164,31.28713300583828,1.0,70.0,57.0,地产小区,,,0,121.51606127581884,31.283369032789402,True,控江路街道,控江路,控江路,1.0,121.516061_31.283369,1,B,False,passed_A_gate
P06G038,elderly_care,上海杨浦区殷行社区市光新村长者照护之家,市光一村106号二层、三层,殷行街道,上海市杨浦区市光一村106号二层、三层,0,121.54246130474306,31.3224398347223,1.0,70.0,12.0,地产小区,,,0,121.5316787103692,31.318413449437287,True,殷行街道,殷行,殷行,1.0,121.531679_31.318413,1,B,False,passed_A_gate
P06G041,elderly_care,上海延吉社区（吉善）长者照护之家,延吉一村16号,延吉新村街道,上海市杨浦区延吉一村16号,0,121.5443649937798,31.290744899908148,1.0,70.0,57.0,地产小区,,,0,121.53361464322393,31.286705601869944,True,延吉新村街道,延吉新村,延吉新村,1.0,121.533615_31.286706,1,B,False,passed_A_gate
P06G044,elderly_care,上海杨浦区长白社区安康怡长者照护之家,松花一村32号甲,长白新村街道,上海市杨浦区松花一村32号甲,0,121.54767758517842,31.30108467632265,1.0,75.0,100.0,楼号,,,0,121.53695046158794,31.296993681405482,True,长白新村街道,长白新村,长白新村,1.0,121.53695_31.296994,1,B,False,passed_A_gate
P06G045,elderly_care,上海杨浦区民星第二敬老院,市光二村89号,殷行街道,上海市杨浦区市光二村89号,0,121.54813841590504,31.322627544254857,1.0,75.0,0.0,楼号,,,0,121.53739739653129,31.31851804802072,True,殷行街道,殷行,殷行,1.0,121.537397_31.318518,1,B,False,passed_A_gate
P06G046,elderly_care,上海信养养老服务有限公司杨浦信澜养老院分公司,世界路203号,长海路街道,上海市杨浦区世界路203号,0,121.53217581145614,31.330802285040814,0.0,80.0,99.0,门址,,,0,121.52130107195919,31.326937289961364,True,长海路街道,长海路,长海路,1.0,121.521301_31.326937,1,B,False,not_precise
P06G047,elderly_care,上海杨浦区新宇敬老院,沧州路180弄5号,控江路街道,上海市杨浦区沧州路180弄5号,0,121.5339686346212,31.29106466977541,1.0,75.0,57.0,楼号,,,0,121.5231355211348,31.287192448033846,True,控江路街道,控江路,控江路,1.0,121.523136_31.287192,1,B,False,passed_A_gate
P06G048,elderly_care,上海杨浦区寿星敬老院,殷行路470弄52号,殷行街道,上海市杨浦区殷行路470弄52号,0,121.54306927791224,31.33489478424672,1.0,75.0,57.0,楼号,,,0,121.53227801480926,31.330851144113232,True,殷行街道,殷行,殷行,1.0,121.532278_31.330851,1,B,False,passed_A_gate
P06G050,elderly_care,上海杨浦区中原敬老院,民星二村28号,殷行街道,上海市杨浦区民星二村28号,0,121.5446332278051,31.32035078874745,1.0,75.0,0.0,楼号,,,0,121.5338694062787,31.316292441134774,True,殷行街道,殷行,殷行,1.0,121.533869_31.316292,1,B,False,passed_A_gate
P06G059,elderly_care,上海遐福养老院有限公司,辽源西路230弄18号,江浦路街道,上海市杨浦区辽源西路230弄18号,0,121.51573743446562,31.275801978283816,1.0,75.0,0.0,楼号,,,0,121.50476233985837,31.272155832915782,True,江浦路街道,江浦路,江浦路,1.0,121.504762_31.272156,1,B,False,passed_A_gate
P06G066,elderly_care,上海市杨浦馨安老年公寓,内江路海尚大厦6号，6-1号，6-2号,定海路街道,上海市杨浦区内江路海尚大厦6号，6-1号，6-2号,0,121.56335813666892,31.278995201493696,1.0,75.0,11.0,商务大厦,,,0,121.55270741145144,31.27478574766368,True,定海路街道,定海路,定海路,1.0,121.552707_31.274786,1,B,False,passed_A_gate
P06G072,elderly_care,上海杨浦区长恒养老院,殷行一村9号、殷行二村12号甲,殷行街道,上海市杨浦区殷行一村9号、殷行二村12号甲,0,121.5479333327571,31.332936952253338,1.0,70.0,35.0,地产小区,,,0,121.53717973476853,31.328823717821766,True,殷行街道,殷行,殷行,1.0,121.53718_31.328824,1,B,False,passed_A_gate
P06G077,elderly_care,上海杨浦区夕阳红敬老院,市光四村106号,殷行街道,上海市杨浦区市光四村106号,0,121.54084013278921,31.326199583085906,1.0,75.0,100.0,楼号,,,0,121.53004072819185,31.322196534126892,True,殷行街道,殷行,殷行,1.0,121.530041_31.322197,1,B,False,passed_A_gate
P06G081,elderly_care,上海杨浦区宏原敬老院,民星二村37号,殷行街道,上海市杨浦区民星二村37号,0,121.54302885416428,31.319565147894536,1.0,70.0,57.0,地产小区,,,0,121.53225369774913,31.315531733276575,True,殷行街道,殷行,殷行,1.0,121.532254_31.315532,1,B,False,passed_A_gate
P06G083,elderly_care,上海市杨浦人和养老院,市京一村7号,长海路街道,上海市杨浦区市京一村7号,0,121.53147206394785,31.324990847427628,0.0,50.0,57.0,村庄,,,0,121.52059795847455,31.32114060434027,True,长海路街道,长海路,长海路,1.0,121.520598_31.321141,1,B,False,confidence_below_70;not_precise
P06G087,elderly_care,上海延吉社区红枫长者照护之家,控江七村34-36号,延吉新村街道,上海市杨浦区控江七村34-36号,0,121.53878534876569,31.28916593816264,1.0,70.0,0.0,地产小区,,,0,121.52799102789673,31.28521546769396,True,延吉新村街道,延吉新村,延吉新村,1.0,121.527991_31.285215,1,B,False,passed_A_gate
P06G101,culture,大桥街道社区文化活动中心,,大桥街道,,-1,,,,,,,,missing_official_address,-1,,,False,,大桥,,0.0,,0,C,False,geocoding_failed_or_missing_address;subdistrict_mismatch
P06G105,culture,延吉新村街道社区文化活动中心,,延吉新村街道,,-1,,,,,,,,missing_official_address,-1,,,False,,延吉新村,,0.0,,0,C,False,geocoding_failed_or_missing_address;subdistrict_mismatch
P06G107,culture,四平路街道社区文化活动中心,,四平路街道,,-1,,,,,,,,missing_official_address,-1,,,False,,四平路,,0.0,,0,C,False,geocoding_failed_or_missing_address;subdistrict_mismatch
P06G108,culture,殷行街道社区文化活动中心,市光三村164号,殷行街道,上海市杨浦区市光三村164号,0,121.54668109487618,31.32592913427772,1.0,75.0,0.0,楼号,,,0,121.53592621401866,31.321837509337605,True,殷行街道,殷行,殷行,1.0,121.535926_31.321838,1,B,False,passed_A_gate
P06G111,culture,新江湾城街道社区文化活动中心,,新江湾城街道,,-1,,,,,,,,missing_official_address,-1,,,False,,新江湾城,,0.0,,0,C,False,geocoding_failed_or_missing_address;subdistrict_mismatch
P06G116,sports,长白228街坊运动健康中心,长白路160号（228街坊5号楼）,,上海市杨浦区长白路160号（228街坊5号楼）,0,121.5491038248366,31.29498259102832,1.0,70.0,57.0,地产小区,,,0,121.53838763017228,31.290875413169793,True,长白新村街道,,长白新村,,121.538388_31.290875,1,B,False,passed_A_gate
P06G117,sports,定海社区市民健身中心,爱国路350号,,上海市杨浦区爱国路350号,0,121.55560466931829,31.2874478174923,0.0,80.0,99.0,门址,,,0,121.54492625612089,31.28327410249388,True,定海路街道,,定海路,,121.544926_31.283274,1,B,False,not_precise
P06G125,sports,新江湾城社区政悦路市民运动球场,政悦路近殷行路,,上海市杨浦区政悦路近殷行路,0,121.52740920778731,31.3346016132836,0.0,30.0,100.0,道路,,,0,121.51649234561457,31.33080614030588,True,新江湾城街道,,新江湾城,,121.516492_31.330806,1,C,False,confidence_below_70;not_precise
P06G128,sports,殷行社区运动健康中心,工农四村175号,,上海市杨浦区工农四村175号,0,121.547492803735,31.329233614822847,1.0,70.0,0.0,地产小区,,,0,121.53674006187066,31.32512864487183,True,殷行街道,,殷行,,121.53674_31.325129,1,B,False,passed_A_gate
