request_id,facility_type,facility_name,official_address,official_subdistrict,query_address,status,lng,lat,precise,confidence,comprehension,level,result_type,error,status_num,wgs84_lon,wgs84_lat,within_yangpu,spatial_subdistrict,official_subdistrict_norm,spatial_subdistrict_norm,subdistrict_consistent,coord_key,same_coordinate_count,geometry_confidence,analysis_ready_accessibility,qa_reason,geometry_confidence_v1_3_3,geometry_source_v1_3_3,qa_basis_v1_3_3,official_address_enriched,address_enrichment_source,analysis_ready_accessibility_v1_3_3
P06G001,park,杨浦公园,双阳路399号,延吉新村街道,上海市杨浦区双阳路399号,0,121.53939790329294,31.286792469336856,1.0,80.0,100.0,门址,,,0,121.52860771842168,31.282832726161065,True,延吉新村街道,延吉新村,延吉新村,1.0,121.528608_31.282833,1,A,True,passed_A_gate,A,baidu_geocoder_verified,precise=1;confidence>=70;within_yangpu;no_known_subdistrict_contradiction,双阳路399号,,True
P06G002,park,波阳公园,波阳路200号,定海路街道,上海市杨浦区波阳路200号,0,121.55803747313334,31.27861659737204,1.0,80.0,100.0,门址,,,0,121.54736613001516,31.274427523469463,True,定海路街道,定海路,定海路,1.0,121.547366_31.274428,1,A,True,passed_A_gate,A,baidu_geocoder_verified,precise=1;confidence>=70;within_yangpu;no_known_subdistrict_contradiction,波阳路200号,,True
P06G003,park,惠民公园,惠民路724号,平凉路街道,上海市杨浦区惠民路724号,0,121.52900298142312,31.264227654650128,1.0,80.0,100.0,门址,,,0,121.5181113789273,31.26043894935449,True,平凉路街道,平凉路,平凉路,1.0,121.518111_31.260439,1,A,True,passed_A_gate,A,baidu_geocoder_verified,precise=1;confidence>=70;within_yangpu;no_known_subdistrict_contradiction,惠民路724号,,True
P06G004,park,平凉公园,平凉路1738号,大桥街道,上海市杨浦区平凉路1738号,0,121.5490099519108,31.27348642581151,1.0,80.0,100.0,门址,,,0,121.53828291007288,31.26938629263924,True,大桥街道,大桥,大桥,1.0,121.538283_31.269386,1,A,True,passed_A_gate,A,baidu_geocoder_verified,precise=1;confidence>=70;within_yangpu;no_known_subdistrict_contradiction,平凉路1738号,,True
P06G005,park,复兴岛公园,共青路386号,定海路街道,上海市杨浦区共青路386号,0,121.568181138952,31.292938830899484,1.0,80.0,100.0,门址,,,0,121.5575474195278,31.28872996230563,True,定海路街道,定海路,定海路,1.0,121.557547_31.28873,1,A,True,passed_A_gate,A,baidu_geocoder_verified,precise=1;confidence>=70;within_yangpu;no_known_subdistrict_contradiction,共青路386号,,True
P06G006,park,延春公园,营口路20号,延吉新村街道,上海市杨浦区营口路20号,0,121.54190902651554,31.29401791837252,1.0,80.0,100.0,门址,,,0,121.53114022252234,31.290015401695918,True,延吉新村街道,延吉新村,延吉新村,1.0,121.53114_31.290015,2,A,True,passed_A_gate,A,baidu_geocoder_verified,precise=1;confidence>=70;within_yangpu;no_known_subdistrict_contradiction,营口路20号,,True
P06G007,park,松鹤公园,抚顺路240号,四平路街道,上海市杨浦区抚顺路240号,0,121.52076713684656,31.28595176935237,1.0,80.0,100.0,门址,,,0,121.5098306156958,31.282262913475734,True,四平路街道,四平路,四平路,1.0,121.509831_31.282263,1,A,True,passed_A_gate,A,baidu_geocoder_verified,precise=1;confidence>=70;within_yangpu;no_known_subdistrict_contradiction,抚顺路240号,,True
P06G008,park,内江公园,控江路261号,长白新村街道,上海市杨浦区控江路261号,0,121.55142145305234,31.29314989731748,1.0,80.0,100.0,门址,,,0,121.54072023816278,31.289015424004884,True,长白新村街道,长白新村,长白新村,1.0,121.54072_31.289015,1,A,True,passed_A_gate,A,baidu_geocoder_verified,precise=1;confidence>=70;within_yangpu;no_known_subdistrict_contradiction,控江路261号,,True
P06G009,park,工农公园,包头路929号,殷行街道,上海市杨浦区包头路929号,0,121.54457681421906,31.33212280898356,1.0,80.0,100.0,门址,,,0,121.53379981412536,31.32805788115825,True,殷行街道,殷行,殷行,1.0,121.5338_31.328058,1,A,True,passed_A_gate,A,baidu_geocoder_verified,precise=1;confidence>=70;within_yangpu;no_known_subdistrict_contradiction,包头路929号,,True
P06G010,park,民星公园,嫩江路1111号,殷行街道,上海市杨浦区嫩江路1111号,0,121.54185045699629,31.320672308063163,1.0,80.0,100.0,门址,,,0,121.53106500676692,31.31665665998504,True,殷行街道,殷行,殷行,1.0,121.531065_31.316657,1,A,True,passed_A_gate,A,baidu_geocoder_verified,precise=1;confidence>=70;within_yangpu;no_known_subdistrict_contradiction,嫩江路1111号,,True
P06G011,park,四平科技公园,四平路1777号,四平路街道,上海市杨浦区四平路1777号,0,121.5151936003099,31.29264012790161,1.0,80.0,0.0,门址,,,0,121.50422346135048,31.288992547586822,True,五角场街道,四平路,五角场,0.0,121.504223_31.288993,1,C,False,subdistrict_mismatch,C,,not_yet_analysis_ready,四平路1777号,,False
P06G012,park,江浦公园,长阳路1111号,江浦路街道,上海市杨浦区长阳路1111号,0,121.530867234848,31.27097821880711,1.0,80.0,100.0,门址,,,0,121.51999681210025,31.267160093742355,True,江浦路街道,江浦路,江浦路,1.0,121.519997_31.26716,1,A,True,passed_A_gate,A,baidu_geocoder_verified,precise=1;confidence>=70;within_yangpu;no_known_subdistrict_contradiction,长阳路1111号,,True
P06G013,park,大连路绿地,荆州路151号,平凉路街道,上海市杨浦区荆州路151号,0,121.5208249877214,31.26409585167077,1.0,80.0,100.0,门址,,,0,121.50987201904928,31.260410840328973,True,平凉路街道,平凉路,平凉路,1.0,121.509872_31.260411,1,A,True,passed_A_gate,A,baidu_geocoder_verified,precise=1;confidence>=70;within_yangpu;no_known_subdistrict_contradiction,荆州路151号,,True
P06G014,park,军工路环岛绿地,军工路1310号,长海路街道,上海市杨浦区军工路1310号,0,121.55251307390807,31.312450813473124,1.0,80.0,100.0,门址,,,0,121.54181040629526,31.30829502187277,True,长海路街道,长海路,长海路,1.0,121.54181_31.308295,1,A,True,passed_A_gate,A,baidu_geocoder_verified,precise=1;confidence>=70;within_yangpu;no_known_subdistrict_contradiction,军工路1310号,,True
P06G015,park,唐家塔口袋公园,源泉路,控江路街道,上海市杨浦区源泉路,0,121.5374228887987,31.283730825306776,0.0,30.0,100.0,道路,,,0,121.52634572006673,31.28079005413225,True,控江路街道,控江路,控江路,1.0,121.526615_31.279804,1,C,False,confidence_below_70;not_precise,A,official_plus_named_osm,official_park_register + exact_named_OSM_entity,源泉路,,True
P06G016,park,国伟路公共绿地,国伟路交叉路口,新江湾城街道,上海市杨浦区国伟路交叉路口,0,121.5320778811838,31.337745326419817,0.0,30.0,100.0,道路,,,0,121.52119537789248,31.333877713525077,True,新江湾城街道,新江湾城,新江湾城,1.0,121.521195_31.333878,1,C,False,confidence_below_70;not_precise,C,,not_yet_analysis_ready,国伟路交叉路口,,False
P06G017,park,长阳路宁国路公共绿地,长阳路宁国路西南角,大桥街道,上海市杨浦区长阳路宁国路西南角,0,121.543638713775,31.26994485435317,0.0,30.0,100.0,道路,,,0,121.53286988725348,31.26592150302283,True,大桥街道,大桥,大桥,1.0,121.53287_31.265922,1,C,False,confidence_below_70;not_precise,C,,not_yet_analysis_ready,长阳路宁国路西南角,,False
P06G018,park,黄兴公园,营口路699号,长海路街道,上海市杨浦区营口路699号,0,121.53900031327424,31.30244838043937,1.0,80.0,100.0,门址,,,0,121.52820674488407,31.29848906965327,True,长海路街道,长海路,长海路,1.0,121.528207_31.298489,1,A,True,passed_A_gate,A,baidu_geocoder_verified,precise=1;confidence>=70;within_yangpu;no_known_subdistrict_contradiction,营口路699号,,True
P06G019,park,新江湾城公园,国秀路300号,新江湾城街道,上海市杨浦区国秀路300号,0,121.5206543096745,31.338571372076057,1.0,80.0,100.0,门址,,,0,121.50968374270612,31.33485589704908,True,新江湾城街道,新江湾城,新江湾城,1.0,121.509684_31.334856,1,A,True,passed_A_gate,A,baidu_geocoder_verified,precise=1;confidence>=70;within_yangpu;no_known_subdistrict_contradiction,国秀路300号,,True
P06G020,park,生态走廊一期,政悦路以南,新江湾城街道,上海市杨浦区政悦路以南,0,121.52912703741406,31.33500212067588,0.0,30.0,100.0,道路,,,0,121.51822334877936,31.331181492985102,True,新江湾城街道,新江湾城,新江湾城,1.0,121.518223_31.331181,2,C,False,confidence_below_70;not_precise,C,,not_yet_analysis_ready,政悦路以南,,False
P06G021,park,生态走廊二期,政悦路以北,新江湾城街道,上海市杨浦区政悦路以北,0,121.52912703741406,31.33500212067588,0.0,30.0,100.0,道路,,,0,121.51822334877936,31.331181492985102,True,新江湾城街道,新江湾城,新江湾城,1.0,121.518223_31.331181,2,C,False,confidence_below_70;not_precise,C,,not_yet_analysis_ready,政悦路以北,,False
P06G022,park,共青森林公园,军工路2000号,殷行街道,上海市杨浦区军工路2000号,0,121.55203454656292,31.32681736326271,1.0,80.0,100.0,门址,,,0,121.54131433370152,31.322657786819907,True,殷行街道,殷行,殷行,1.0,121.541314_31.322658,1,A,True,passed_A_gate,A,baidu_geocoder_verified,precise=1;confidence>=70;within_yangpu;no_known_subdistrict_contradiction,军工路2000号,,True
P06G023,elderly_care,上海市杨浦区社会福利院,松花江路55弄5号,长白新村街道,上海市杨浦区松花江路55弄5号,0,121.54985130485144,31.3051391672929,1.0,70.0,57.0,地产小区,,,0,121.53913709025213,31.301017983074008,True,长白新村街道,长白新村,长白新村,1.0,121.539137_31.301018,1,B,False,passed_A_gate,A,baidu_geocoder_verified,precise=1;confidence>=70;within_yangpu;no_known_subdistrict_contradiction,松花江路55弄5号,,True
P06G024,elderly_care,上海欣益养老院有限公司,民星路450号,殷行街道,上海市杨浦区民星路450号,0,121.54211410966349,31.31781368558856,1.0,80.0,100.0,门址,,,0,121.53133367777107,31.313795663044253,True,殷行街道,殷行,殷行,1.0,121.531334_31.313796,1,A,True,passed_A_gate,A,baidu_geocoder_verified,precise=1;confidence>=70;within_yangpu;no_known_subdistrict_contradiction,民星路450号,,True
P06G025,elderly_care,上海杨浦区福象新江湾城老年福利院,政和路77号,新江湾城街道,上海市杨浦区政和路77号,0,121.51946522267092,31.33127835337787,1.0,80.0,100.0,门址,,,0,121.50849383241712,31.327578508053264,True,新江湾城街道,新江湾城,新江湾城,1.0,121.508494_31.327579,1,A,True,passed_A_gate,A,baidu_geocoder_verified,precise=1;confidence>=70;within_yangpu;no_known_subdistrict_contradiction,政和路77号,,True
P06G026,elderly_care,上海市杨浦区社会福利院第一分院,怀德路802号,平凉路街道,上海市杨浦区怀德路802号,0,121.53005714293909,31.26790918862421,1.0,80.0,100.0,门址,,,0,121.51917738996006,31.26410402329171,True,平凉路街道,平凉路,平凉路,1.0,121.519177_31.264104,1,A,True,passed_A_gate,A,baidu_geocoder_verified,precise=1;confidence>=70;within_yangpu;no_known_subdistrict_contradiction,怀德路802号,,True
P06G027,elderly_care,上海杨浦区汇晨长白老年福利院,民治路15号,长白新村街道,上海市杨浦区民治路15号,0,121.5573865609608,31.30079587302913,0.0,80.0,99.0,门址,,,0,121.5467172791723,31.296603700485267,True,长白新村街道,长白新村,长白新村,1.0,121.546717_31.296604,1,B,False,not_precise,B,baidu_geocoder_candidate,plausible_candidate_not_strict_A,民治路15号,,False
P06G028,elderly_care,上海杨浦区延吉街道养老院,控江路600号,延吉新村街道,上海市杨浦区控江路600号,0,121.54810050741251,31.292516310908656,1.0,80.0,100.0,门址,,,0,121.537377386099,31.28842317006,True,延吉新村街道,延吉新村,延吉新村,1.0,121.537377_31.288423,1,A,True,passed_A_gate,A,baidu_geocoder_verified,precise=1;confidence>=70;within_yangpu;no_known_subdistrict_contradiction,控江路600号,,True
P06G029,elderly_care,上海市杨浦区长海路街道敬老院,翔殷路505弄9号,长海路街道,上海市杨浦区翔殷路505弄9号,0,121.54249939289669,31.311479842585427,1.0,0.0,0.0,门址,,,0,121.53172779032803,31.307459576174374,True,长海路街道,长海路,长海路,1.0,121.531728_31.30746,1,C,False,confidence_below_70,C,,not_yet_analysis_ready,翔殷路505弄9号,,False
P06G030,elderly_care,上海杨浦区长白新村街道长馨养老院,安图路18弄39号（延吉东路147号）,长白新村街道,上海市杨浦区安图路18弄39号（延吉东路147号）,0,121.55133844962322,31.29845903273358,1.0,80.0,100.0,门址,,,0,121.54063633856822,31.294323372068988,True,长白新村街道,长白新村,长白新村,1.0,121.540636_31.294323,1,A,True,passed_A_gate,A,baidu_geocoder_verified,precise=1;confidence>=70;within_yangpu;no_known_subdistrict_contradiction,安图路18弄39号（延吉东路147号）,,True
P06G031,elderly_care,上海杨浦区大桥社区老年公寓,平凉路1759号,大桥街道,上海市杨浦区平凉路1759号,0,121.5490805587239,31.274738806553856,1.0,80.0,100.0,门址,,,0,121.53835504951564,31.2706375346716,True,大桥街道,大桥,大桥,1.0,121.538355_31.270638,1,A,True,passed_A_gate,A,baidu_geocoder_verified,precise=1;confidence>=70;within_yangpu;no_known_subdistrict_contradiction,平凉路1759号,,True
P06G032,elderly_care,上海杨浦区五角场街道敬老院,三门路358弄65号,五角场街道,上海市杨浦区三门路358弄65号,0,121.4989578960142,31.31628994060839,1.0,80.0,100.0,门址,,,0,121.48791508524114,31.312590858012047,True,五角场街道,五角场,五角场,1.0,121.487915_31.312591,1,A,True,passed_A_gate,A,baidu_geocoder_verified,precise=1;confidence>=70;within_yangpu;no_known_subdistrict_contradiction,三门路358弄65号,,True
P06G033,elderly_care,上海市杨浦区殷行街道敬老院,开鲁路286弄7号,殷行街道,上海市杨浦区开鲁路286弄7号,0,121.5429450422602,31.33246965740264,1.0,80.0,0.0,门址,,,0,121.53215529379752,31.32842941187281,True,殷行街道,殷行,殷行,1.0,121.532155_31.328429,1,A,True,passed_A_gate,A,baidu_geocoder_verified,precise=1;confidence>=70;within_yangpu;no_known_subdistrict_contradiction,开鲁路286弄7号,,True
P06G034,elderly_care,上海市杨浦区四平路街道敬老院,铁岭路50弄63号,四平路街道,上海市杨浦区铁岭路50弄63号,0,121.52157354570288,31.2856521181932,1.0,80.0,100.0,门址,,,0,121.51064250455867,31.28195502016622,True,四平路街道,四平路,四平路,1.0,121.510643_31.281955,1,A,True,passed_A_gate,A,baidu_geocoder_verified,precise=1;confidence>=70;within_yangpu;no_known_subdistrict_contradiction,铁岭路50弄63号,,True
P06G035,elderly_care,上海杨浦区控江路街道敬老院,凤城三村31号,控江路街道,上海市杨浦区凤城三村31号,0,121.52695179062164,31.28713300583828,1.0,70.0,57.0,地产小区,,,0,121.51606127581884,31.2833690327894,True,控江路街道,控江路,控江路,1.0,121.516061_31.283369,1,B,False,passed_A_gate,A,baidu_geocoder_verified,precise=1;confidence>=70;within_yangpu;no_known_subdistrict_contradiction,凤城三村31号,,True
P06G036,elderly_care,上海定海社区（顺平）长者照护之家,顺平路67号,定海路街道,上海市杨浦区顺平路67号,0,121.56189452750152,31.28953377606956,1.0,80.0,100.0,门址,,,0,121.551244276351,31.28532450280379,True,定海路街道,定海路,定海路,1.0,121.551244_31.285325,1,A,True,passed_A_gate,A,baidu_geocoder_verified,precise=1;confidence>=70;within_yangpu;no_known_subdistrict_contradiction,顺平路67号,,True
P06G037,elderly_care,上海五角场社区（国定）长者照护之家,国定支路24-28号,五角场街道,上海市杨浦区国定支路24-28号,0,121.5122551531562,31.311012285915883,1.0,80.0,0.0,门址,,,0,121.50126207131572,31.30736789727736,True,五角场街道,五角场,五角场,1.0,121.501262_31.307368,1,A,True,passed_A_gate,A,baidu_geocoder_verified,precise=1;confidence>=70;within_yangpu;no_known_subdistrict_contradiction,国定支路24-28号,,True
P06G038,elderly_care,上海杨浦区殷行社区市光新村长者照护之家,市光一村106号二层、三层,殷行街道,上海市杨浦区市光一村106号二层、三层,0,121.54246130474306,31.3224398347223,1.0,70.0,12.0,地产小区,,,0,121.5316787103692,31.318413449437287,True,殷行街道,殷行,殷行,1.0,121.531679_31.318413,1,B,False,passed_A_gate,A,baidu_geocoder_verified,precise=1;confidence>=70;within_yangpu;no_known_subdistrict_contradiction,市光一村106号二层、三层,,True
P06G039,elderly_care,上海殷行社区（闸殷）长者照护之家,闸殷路86号三、四层,殷行街道,上海市杨浦区闸殷路86号三、四层,0,121.53525572675588,31.34034673245224,1.0,80.0,100.0,门址,,,0,121.52439693280849,31.336426394911637,True,殷行街道,殷行,殷行,1.0,121.524397_31.336426,1,A,True,passed_A_gate,A,baidu_geocoder_verified,precise=1;confidence>=70;within_yangpu;no_known_subdistrict_contradiction,闸殷路86号三、四层,,True
P06G040,elderly_care,上海杨浦区长海社区浣纱长者照护之家,国顺东路20号1-2楼,长海路街道,上海市杨浦区国顺东路20号1-2楼,0,121.54806232942832,31.31120240945672,1.0,80.0,100.0,门址,,,0,121.5373318978732,31.30710092257815,True,长海路街道,长海路,长海路,1.0,121.537332_31.307101,1,A,True,passed_A_gate,A,baidu_geocoder_verified,precise=1;confidence>=70;within_yangpu;no_known_subdistrict_contradiction,国顺东路20号1-2楼,,True
P06G041,elderly_care,上海延吉社区（吉善）长者照护之家,延吉一村16号,延吉新村街道,上海市杨浦区延吉一村16号,0,121.5443649937798,31.290744899908148,1.0,70.0,57.0,地产小区,,,0,121.53361464322391,31.286705601869944,True,延吉新村街道,延吉新村,延吉新村,1.0,121.533615_31.286706,1,B,False,passed_A_gate,A,baidu_geocoder_verified,precise=1;confidence>=70;within_yangpu;no_known_subdistrict_contradiction,延吉一村16号,,True
P06G042,elderly_care,上海杨浦区平凉社区（怀德）长者照护之家,平凉路624号一楼,平凉路街道,上海市杨浦区平凉路624号一楼,0,121.53192373195829,31.263729842773653,1.0,80.0,100.0,门址,,,0,121.5210551693634,31.25989644318965,True,平凉路街道,平凉路,平凉路,1.0,121.521055_31.259896,1,A,True,passed_A_gate,A,baidu_geocoder_verified,precise=1;confidence>=70;within_yangpu;no_known_subdistrict_contradiction,平凉路624号一楼,,True
P06G043,elderly_care,上海杨浦区长白社区（长福）长者照护之家,安图路18弄45号101-106室、202-206室,长白新村街道,上海市杨浦区安图路18弄45号101-106室、202-206室,0,121.55004120663628,31.29616147613275,1.0,80.0,100.0,门址,,,0,121.53933115065962,31.29204210495161,True,长白新村街道,长白新村,长白新村,1.0,121.539331_31.292042,1,A,True,passed_A_gate,A,baidu_geocoder_verified,precise=1;confidence>=70;within_yangpu;no_known_subdistrict_contradiction,安图路18弄45号101-106室、202-206室,,True
P06G044,elderly_care,上海杨浦区长白社区安康怡长者照护之家,松花一村32号甲,长白新村街道,上海市杨浦区松花一村32号甲,0,121.54767758517842,31.30108467632265,1.0,75.0,100.0,楼号,,,0,121.53695046158794,31.29699368140548,True,长白新村街道,长白新村,长白新村,1.0,121.53695_31.296994,1,B,False,passed_A_gate,A,baidu_geocoder_verified,precise=1;confidence>=70;within_yangpu;no_known_subdistrict_contradiction,松花一村32号甲,,True
P06G045,elderly_care,上海杨浦区民星第二敬老院,市光二村89号,殷行街道,上海市杨浦区市光二村89号,0,121.54813841590504,31.322627544254857,1.0,75.0,0.0,楼号,,,0,121.53739739653128,31.31851804802072,True,殷行街道,殷行,殷行,1.0,121.537397_31.318518,1,B,False,passed_A_gate,A,baidu_geocoder_verified,precise=1;confidence>=70;within_yangpu;no_known_subdistrict_contradiction,市光二村89号,,True
P06G046,elderly_care,上海信养养老服务有限公司杨浦信澜养老院分公司,世界路203号,长海路街道,上海市杨浦区世界路203号,0,121.53217581145614,31.33080228504081,0.0,80.0,99.0,门址,,,0,121.5213010719592,31.326937289961364,True,长海路街道,长海路,长海路,1.0,121.521301_31.326937,1,B,False,not_precise,B,baidu_geocoder_candidate,plausible_candidate_not_strict_A,世界路203号,,False
P06G047,elderly_care,上海杨浦区新宇敬老院,沧州路180弄5号,控江路街道,上海市杨浦区沧州路180弄5号,0,121.5339686346212,31.29106466977541,1.0,75.0,57.0,楼号,,,0,121.5231355211348,31.28719244803385,True,控江路街道,控江路,控江路,1.0,121.523136_31.287192,1,B,False,passed_A_gate,A,baidu_geocoder_verified,precise=1;confidence>=70;within_yangpu;no_known_subdistrict_contradiction,沧州路180弄5号,,True
P06G048,elderly_care,上海杨浦区寿星敬老院,殷行路470弄52号,殷行街道,上海市杨浦区殷行路470弄52号,0,121.54306927791224,31.33489478424672,1.0,75.0,57.0,楼号,,,0,121.53227801480926,31.330851144113232,True,殷行街道,殷行,殷行,1.0,121.532278_31.330851,1,B,False,passed_A_gate,A,baidu_geocoder_verified,precise=1;confidence>=70;within_yangpu;no_known_subdistrict_contradiction,殷行路470弄52号,,True
P06G049,elderly_care,上海杨浦区水丰敬老院,控江路680弄12号,延吉新村街道,上海市杨浦区控江路680弄12号,0,121.5460966573114,31.29176067654141,1.0,80.0,100.0,门址,,,0,121.5353592551493,31.287695568192092,True,延吉新村街道,延吉新村,延吉新村,1.0,121.535359_31.287696,1,A,True,passed_A_gate,A,baidu_geocoder_verified,precise=1;confidence>=70;within_yangpu;no_known_subdistrict_contradiction,控江路680弄12号,,True
P06G050,elderly_care,上海杨浦区中原敬老院,民星二村28号,殷行街道,上海市杨浦区民星二村28号,0,121.5446332278051,31.32035078874745,1.0,75.0,0.0,楼号,,,0,121.5338694062787,31.31629244113477,True,殷行街道,殷行,殷行,1.0,121.533869_31.316292,1,B,False,passed_A_gate,A,baidu_geocoder_verified,precise=1;confidence>=70;within_yangpu;no_known_subdistrict_contradiction,民星二村28号,,True
P06G051,elderly_care,上海杨浦区世纪养老院,政修路270号,五角场街道,上海市杨浦区政修路270号,0,121.5093370975376,31.29562102064315,1.0,80.0,100.0,门址,,,0,121.49833731491891,31.29198783028118,True,五角场街道,五角场,五角场,1.0,121.498337_31.291988,1,A,True,passed_A_gate,A,baidu_geocoder_verified,precise=1;confidence>=70;within_yangpu;no_known_subdistrict_contradiction,政修路270号,,True
P06G052,elderly_care,上海舒雅园敬老院,眉州路470号,大桥街道,上海市杨浦区眉州路470号,0,121.54053228349096,31.26917190693629,1.0,80.0,100.0,门址,,,0,121.52973860734492,31.265197598913712,True,大桥街道,大桥,大桥,1.0,121.529739_31.265198,1,A,True,passed_A_gate,A,baidu_geocoder_verified,precise=1;confidence>=70;within_yangpu;no_known_subdistrict_contradiction,眉州路470号,,True
P06G053,elderly_care,上海杨浦区新光敬老院,佳木斯路258号,长海路街道,上海市杨浦区佳木斯路258号,0,121.5457813520774,31.30370461514885,1.0,80.0,100.0,门址,,,0,121.53503958948802,31.29963896916744,True,长海路街道,长海路,长海路,1.0,121.53504_31.299639,1,A,True,passed_A_gate,A,baidu_geocoder_verified,precise=1;confidence>=70;within_yangpu;no_known_subdistrict_contradiction,佳木斯路258号,,True
P06G054,elderly_care,上海杨浦区新世纪养老院,兰州路390号,平凉路街道,上海市杨浦区兰州路390号,0,121.53989224081508,31.26405418090091,1.0,80.0,100.0,门址,,,0,121.52908871439844,31.26009109396678,True,平凉路街道,平凉路,平凉路,1.0,121.529089_31.260091,1,A,True,passed_A_gate,A,baidu_geocoder_verified,precise=1;confidence>=70;within_yangpu;no_known_subdistrict_contradiction,兰州路390号,,True
P06G055,elderly_care,上海市杨浦香槟和熹会颐养院,江浦路321号,平凉路街道,上海市杨浦区江浦路321号,0,121.53528581999048,31.2623237471905,1.0,80.0,100.0,门址,,,0,121.52444339586292,31.258436408563146,True,平凉路街道,平凉路,平凉路,1.0,121.524443_31.258436,1,A,True,passed_A_gate,A,baidu_geocoder_verified,precise=1;confidence>=70;within_yangpu;no_known_subdistrict_contradiction,江浦路321号,,True
P06G056,elderly_care,上海杨浦区和禾和养老院,翔殷路121弄,长海路街道,上海市杨浦区翔殷路121弄,0,121.55903162784122,31.31311850917033,1.0,80.0,100.0,门址,,,0,121.54836213064245,31.308909815220904,True,长海路街道,长海路,长海路,1.0,121.548362_31.30891,1,A,True,passed_A_gate,A,baidu_geocoder_verified,precise=1;confidence>=70;within_yangpu;no_known_subdistrict_contradiction,翔殷路121弄,,True
P06G057,elderly_care,上海杨浦区红日养老院,双阳路330号,控江路街道,上海市杨浦区双阳路330号,0,121.54100613964748,31.283379397944213,1.0,80.0,100.0,门址,,,0,121.53022715371864,31.279394595085545,True,控江路街道,控江路,控江路,1.0,121.530227_31.279395,1,A,True,passed_A_gate,A,baidu_geocoder_verified,precise=1;confidence>=70;within_yangpu;no_known_subdistrict_contradiction,双阳路330号,,True
P06G058,elderly_care,上海阳光养老院,定海路150号,定海路街道,上海市杨浦区定海路150号,0,121.5639955742588,31.28047511455588,1.0,80.0,100.0,门址,,,0,121.55334774192676,31.276264660120148,True,定海路街道,定海路,定海路,1.0,121.553348_31.276265,1,A,True,passed_A_gate,A,baidu_geocoder_verified,precise=1;confidence>=70;within_yangpu;no_known_subdistrict_contradiction,定海路150号,,True
P06G059,elderly_care,上海遐福养老院有限公司,辽源西路230弄18号,江浦路街道,上海市杨浦区辽源西路230弄18号,0,121.51573743446562,31.275801978283816,1.0,75.0,0.0,楼号,,,0,121.50476233985836,31.272155832915782,True,江浦路街道,江浦路,江浦路,1.0,121.504762_31.272156,1,B,False,passed_A_gate,A,baidu_geocoder_verified,precise=1;confidence>=70;within_yangpu;no_known_subdistrict_contradiction,辽源西路230弄18号,,True
P06G060,elderly_care,上海杨浦区延吉街道耆乐园养老院,周家嘴路3531号,延吉新村街道,上海市杨浦区周家嘴路3531号,0,121.54601760642652,31.284021918803333,1.0,80.0,100.0,门址,,,0,121.53527704797214,31.27996030088177,True,延吉新村街道,延吉新村,延吉新村,1.0,121.535277_31.27996,1,A,True,passed_A_gate,A,baidu_geocoder_verified,precise=1;confidence>=70;within_yangpu;no_known_subdistrict_contradiction,周家嘴路3531号,,True
P06G061,elderly_care,上海怡安养老院,松花江路327号,延吉新村街道,上海市杨浦区松花江路327号,0,121.5383594621234,31.29646950196204,1.0,80.0,100.0,门址,,,0,121.5275623191491,31.29252334815857,True,延吉新村街道,延吉新村,延吉新村,1.0,121.527562_31.292523,1,A,True,passed_A_gate,A,baidu_geocoder_verified,precise=1;confidence>=70;within_yangpu;no_known_subdistrict_contradiction,松花江路327号,,True
P06G062,elderly_care,上海杨浦区久安养老院,国伟路300号E座,殷行街道,上海市杨浦区国伟路300号E座,0,121.53986304588602,31.33838222962584,1.0,80.0,100.0,门址,,,0,121.52904332765706,31.33438752087852,True,殷行街道,殷行,殷行,1.0,121.529043_31.334388,1,A,True,passed_A_gate,A,baidu_geocoder_verified,precise=1;confidence>=70;within_yangpu;no_known_subdistrict_contradiction,国伟路300号E座,,True
P06G063,elderly_care,上海杨浦区康善养老院,辽源西路107号1、3、4、5、6、8号楼,江浦路街道,上海市杨浦区辽源西路107号1、3、4、5、6、8号楼,0,121.51889003765292,31.274383255894257,1.0,80.0,100.0,门址,,,0,121.50793337322588,31.270714512922435,True,江浦路街道,江浦路,江浦路,1.0,121.507933_31.270715,2,A,True,passed_A_gate,A,baidu_geocoder_verified,precise=1;confidence>=70;within_yangpu;no_known_subdistrict_contradiction,辽源西路107号1、3、4、5、6、8号楼,,True
P06G064,elderly_care,上海江浦社区（康善）长者照护之家,辽源西路107号2号楼,江浦路街道,上海市杨浦区辽源西路107号2号楼,0,121.51889003765292,31.274383255894257,1.0,80.0,100.0,门址,,,0,121.50793337322588,31.270714512922435,True,江浦路街道,江浦路,江浦路,1.0,121.507933_31.270715,2,A,True,passed_A_gate,A,baidu_geocoder_verified,precise=1;confidence>=70;within_yangpu;no_known_subdistrict_contradiction,辽源西路107号2号楼,,True
P06G065,elderly_care,上海杨浦区夕阳美阁养老院,济宁路488号,平凉路街道,上海市杨浦区济宁路488号,0,121.53533145391036,31.26910245941591,1.0,80.0,100.0,门址,,,0,121.52449569187684,31.265213205640425,True,平凉路街道,平凉路,平凉路,1.0,121.524496_31.265213,1,A,True,passed_A_gate,A,baidu_geocoder_verified,precise=1;confidence>=70;within_yangpu;no_known_subdistrict_contradiction,济宁路488号,,True
P06G066,elderly_care,上海市杨浦馨安老年公寓,内江路海尚大厦6号，6-1号，6-2号,定海路街道,上海市杨浦区内江路海尚大厦6号，6-1号，6-2号,0,121.56335813666892,31.278995201493696,1.0,75.0,11.0,商务大厦,,,0,121.55270741145144,31.27478574766368,True,定海路街道,定海路,定海路,1.0,121.552707_31.274786,1,B,False,passed_A_gate,A,baidu_geocoder_verified,precise=1;confidence>=70;within_yangpu;no_known_subdistrict_contradiction,内江路海尚大厦6号，6-1号，6-2号,,True
P06G067,elderly_care,上海市杨浦长寿家园密云养老院,大连西路50号、密云路358号,四平路街道,上海市杨浦区大连西路50号、密云路358号,0,121.5032197268452,31.28260795045201,1.0,80.0,100.0,门址,,,0,121.49219474016856,31.278959155824836,True,四平路街道,四平路,四平路,1.0,121.492195_31.278959,1,A,True,passed_A_gate,A,baidu_geocoder_verified,precise=1;confidence>=70;within_yangpu;no_known_subdistrict_contradiction,大连西路50号、密云路358号,,True
P06G068,elderly_care,上海杨浦区市东敬老院,武东路55号,五角场街道,上海市杨浦区武东路55号,0,121.50564587036656,31.307348032093525,1.0,80.0,100.0,门址,,,0,121.49462742791542,31.303701855951267,True,五角场街道,五角场,五角场,1.0,121.494627_31.303702,1,A,True,passed_A_gate,A,baidu_geocoder_verified,precise=1;confidence>=70;within_yangpu;no_known_subdistrict_contradiction,武东路55号,,True
P06G069,elderly_care,上海杨浦区爱光敬老院,波阳路301号1至8,定海路街道,上海市杨浦区波阳路301号1至8,0,121.55941547378563,31.280082937177987,1.0,80.0,100.0,门址,,,0,121.54875120282875,31.275885821346865,True,定海路街道,定海路,定海路,1.0,121.548751_31.275886,1,A,True,passed_A_gate,A,baidu_geocoder_verified,precise=1;confidence>=70;within_yangpu;no_known_subdistrict_contradiction,波阳路301号1至8,,True
P06G070,elderly_care,上海杨浦区怡百康养老院,双阳支路19号,大桥街道,上海市杨浦区双阳支路19号,0,121.54422324117036,31.279741449101447,1.0,80.0,100.0,门址,,,0,121.53346684163954,31.275707326429227,True,大桥街道,大桥,大桥,1.0,121.533467_31.275707,1,A,True,passed_A_gate,A,baidu_geocoder_verified,precise=1;confidence>=70;within_yangpu;no_known_subdistrict_contradiction,双阳支路19号,,True
P06G071,elderly_care,上海杨浦区快乐靖宇养老院,靖宇中路120号,控江路街道,上海市杨浦区靖宇中路120号,0,121.53346854794376,31.29027839652309,1.0,80.0,100.0,门址,,,0,121.52263119387072,31.28641452124502,True,控江路街道,控江路,控江路,1.0,121.522631_31.286415,1,A,True,passed_A_gate,A,baidu_geocoder_verified,precise=1;confidence>=70;within_yangpu;no_known_subdistrict_contradiction,靖宇中路120号,,True
P06G072,elderly_care,上海杨浦区长恒养老院,殷行一村9号、殷行二村12号甲,殷行街道,上海市杨浦区殷行一村9号、殷行二村12号甲,0,121.5479333327571,31.332936952253338,1.0,70.0,35.0,地产小区,,,0,121.53717973476851,31.328823717821766,True,殷行街道,殷行,殷行,1.0,121.53718_31.328824,1,B,False,passed_A_gate,A,baidu_geocoder_verified,precise=1;confidence>=70;within_yangpu;no_known_subdistrict_contradiction,殷行一村9号、殷行二村12号甲,,True
P06G073,elderly_care,上海杨浦区政民敬老院,政民路150弄12号,五角场街道,上海市杨浦区政民路150弄12号,0,121.51656639079025,31.30892136417512,1.0,80.0,100.0,门址,,,0,121.5055989618461,31.30525801135436,True,五角场街道,五角场,五角场,1.0,121.505599_31.305258,1,A,True,passed_A_gate,A,baidu_geocoder_verified,precise=1;confidence>=70;within_yangpu;no_known_subdistrict_contradiction,政民路150弄12号,,True
P06G074,elderly_care,上海杨浦区鑫光养老院,宁武路622号,大桥街道,上海市杨浦区宁武路622号,0,121.54670391183616,31.278939957947376,1.0,80.0,100.0,门址,,,0,121.5359651642996,31.27486979330447,True,大桥街道,大桥,大桥,1.0,121.535965_31.27487,1,A,True,passed_A_gate,A,baidu_geocoder_verified,precise=1;confidence>=70;within_yangpu;no_known_subdistrict_contradiction,宁武路622号,,True
P06G075,elderly_care,上海杨浦区红枫家园养老院,临青路377号,大桥街道,上海市杨浦区临青路377号,0,121.5454135858016,31.27374969644904,1.0,80.0,100.0,门址,,,0,121.5346613999248,31.26969908102174,True,大桥街道,大桥,大桥,1.0,121.534661_31.269699,1,A,True,passed_A_gate,A,baidu_geocoder_verified,precise=1;confidence>=70;within_yangpu;no_known_subdistrict_contradiction,临青路377号,,True
P06G076,elderly_care,上海杨浦区康源养老院,永吉路158号,延吉新村街道,上海市杨浦区永吉路158号,0,121.53998557475757,31.289369992717447,1.0,80.0,100.0,门址,,,0,121.52920092763108,31.285399915791505,True,延吉新村街道,延吉新村,延吉新村,1.0,121.529201_31.2854,1,A,True,passed_A_gate,A,baidu_geocoder_verified,precise=1;confidence>=70;within_yangpu;no_known_subdistrict_contradiction,永吉路158号,,True
P06G077,elderly_care,上海杨浦区夕阳红敬老院,市光四村106号,殷行街道,上海市杨浦区市光四村106号,0,121.5408401327892,31.326199583085906,1.0,75.0,100.0,楼号,,,0,121.53004072819184,31.32219653412689,True,殷行街道,殷行,殷行,1.0,121.530041_31.322197,1,B,False,passed_A_gate,A,baidu_geocoder_verified,precise=1;confidence>=70;within_yangpu;no_known_subdistrict_contradiction,市光四村106号,,True
P06G078,elderly_care,上海杨浦区海康敬老院,隆昌路8号,定海路街道,上海市杨浦区隆昌路8号,0,121.55787550864989,31.27443202073495,1.0,80.0,100.0,门址,,,0,121.54720014031444,31.27024480213727,True,定海路街道,定海路,定海路,1.0,121.5472_31.270245,1,A,True,passed_A_gate,A,baidu_geocoder_verified,precise=1;confidence>=70;within_yangpu;no_known_subdistrict_contradiction,隆昌路8号,,True
P06G079,elderly_care,上海杨浦区沁园春敬老院,延吉东路137弄21号,长白新村街道,上海市杨浦区延吉东路137弄21号,0,121.55159204126868,31.29938724992236,1.0,80.0,100.0,门址,,,0,121.54089128940592,31.295248313027784,True,长白新村街道,长白新村,长白新村,1.0,121.540891_31.295248,1,A,True,passed_A_gate,A,baidu_geocoder_verified,precise=1;confidence>=70;within_yangpu;no_known_subdistrict_contradiction,延吉东路137弄21号,,True
P06G080,elderly_care,上海杨浦区宏运敬老院,军工路400弄20号,定海路街道,上海市杨浦区军工路400弄20号,0,121.562274959885,31.29563313194091,1.0,80.0,100.0,门址,,,0,121.55162661920768,31.291420686916013,True,定海路街道,定海路,定海路,1.0,121.551627_31.291421,1,A,True,passed_A_gate,A,baidu_geocoder_verified,precise=1;confidence>=70;within_yangpu;no_known_subdistrict_contradiction,军工路400弄20号,,True
P06G081,elderly_care,上海杨浦区宏原敬老院,民星二村37号,殷行街道,上海市杨浦区民星二村37号,0,121.54302885416428,31.319565147894536,1.0,70.0,57.0,地产小区,,,0,121.53225369774913,31.315531733276572,True,殷行街道,殷行,殷行,1.0,121.532254_31.315532,1,B,False,passed_A_gate,A,baidu_geocoder_verified,precise=1;confidence>=70;within_yangpu;no_known_subdistrict_contradiction,民星二村37号,,True
P06G082,elderly_care,上海杨浦区惠仁养老院,杭州路107弄20号,大桥街道,上海市杨浦区杭州路107弄20号,0,121.5422376266711,31.2649953955926,1.0,80.0,100.0,门址,,,0,121.5314534434566,31.26099463780743,True,大桥街道,大桥,大桥,1.0,121.531453_31.260995,1,A,True,passed_A_gate,A,baidu_geocoder_verified,precise=1;confidence>=70;within_yangpu;no_known_subdistrict_contradiction,杭州路107弄20号,,True
P06G083,elderly_care,上海市杨浦人和养老院,市京一村7号,长海路街道,上海市杨浦区市京一村7号,0,121.53147206394785,31.324990847427628,0.0,50.0,57.0,村庄,,,0,121.52059795847455,31.32114060434027,True,长海路街道,长海路,长海路,1.0,121.520598_31.321141,1,B,False,confidence_below_70;not_precise,B,baidu_geocoder_candidate,plausible_candidate_not_strict_A,市京一村7号,,False
P06G084,elderly_care,上海长白社区（常乐）长者照护之家,延吉东路131弄21号底层,长白新村街道,上海市杨浦区延吉东路131弄21号底层,0,121.55100661556784,31.30002426091364,1.0,80.0,100.0,门址,,,0,121.5403020208552,31.295891720289276,True,长白新村街道,长白新村,长白新村,1.0,121.540302_31.295892,1,A,True,passed_A_gate,A,baidu_geocoder_verified,precise=1;confidence>=70;within_yangpu;no_known_subdistrict_contradiction,延吉东路131弄21号底层,,True
P06G085,elderly_care,上海长白社区（常健）长者照护之家,松花一村55号104-107室底层；安图路160号底层,长白新村街道,上海市杨浦区松花一村55号104-107室底层；安图路160号底层,0,121.54646406426498,31.299776723494777,1.0,80.0,100.0,门址,,,0,121.53572875245818,31.29570316608389,True,长白新村街道,长白新村,长白新村,1.0,121.535729_31.295703,1,A,True,passed_A_gate,A,baidu_geocoder_verified,precise=1;confidence>=70;within_yangpu;no_known_subdistrict_contradiction,松花一村55号104-107室底层；安图路160号底层,,True
P06G086,elderly_care,上海大桥社区（常康）长者照护之家,渭南路51-53号底层,大桥街道,上海市杨浦区渭南路51-53号底层,0,121.545349087466,31.26503382491616,1.0,80.0,100.0,门址,,,0,121.53458849480532,31.260985671922363,True,大桥街道,大桥,大桥,1.0,121.534588_31.260986,1,A,True,passed_A_gate,A,baidu_geocoder_verified,precise=1;confidence>=70;within_yangpu;no_known_subdistrict_contradiction,渭南路51-53号底层,,True
P06G087,elderly_care,上海延吉社区红枫长者照护之家,控江七村34-36号,延吉新村街道,上海市杨浦区控江七村34-36号,0,121.53878534876569,31.28916593816264,1.0,70.0,0.0,地产小区,,,0,121.52799102789672,31.28521546769396,True,延吉新村街道,延吉新村,延吉新村,1.0,121.527991_31.285215,1,B,False,passed_A_gate,A,baidu_geocoder_verified,precise=1;confidence>=70;within_yangpu;no_known_subdistrict_contradiction,控江七村34-36号,,True
P06G088,healthcare,上海市杨浦区定海社区卫生服务中心,爱国路77号,定海路街道,上海市杨浦区爱国路77号,0,121.5590115057978,31.28450666114105,1.0,80.0,100.0,门址,,,0,121.54834811034242,31.28031054812266,True,定海路街道,定海路,定海路,1.0,121.548348_31.280311,1,A,True,passed_A_gate,A,baidu_geocoder_verified,precise=1;confidence>=70;within_yangpu;no_known_subdistrict_contradiction,爱国路77号,,True
P06G089,healthcare,上海市杨浦区大桥社区卫生服务中心,黄兴路300号,大桥街道,上海市杨浦区黄兴路300号,0,121.5359492186096,31.280566156875096,1.0,80.0,100.0,门址,,,0,121.525127818939,31.276664567403795,True,大桥街道,大桥,大桥,1.0,121.525128_31.276665,1,A,True,passed_A_gate,A,baidu_geocoder_verified,precise=1;confidence>=70;within_yangpu;no_known_subdistrict_contradiction,黄兴路300号,,True
P06G090,healthcare,上海市杨浦区平凉社区卫生服务中心,霍山路890号,平凉路街道,上海市杨浦区霍山路890号,0,121.52930490190502,31.26736170187176,1.0,80.0,100.0,门址,,,0,121.51841862151646,31.26356796966858,True,平凉路街道,平凉路,平凉路,1.0,121.518419_31.263568,1,A,True,passed_A_gate,A,baidu_geocoder_verified,precise=1;confidence>=70;within_yangpu;no_known_subdistrict_contradiction,霍山路890号,,True
P06G091,healthcare,杨浦区江浦社区卫生服务中心,许昌路1482号,江浦路街道,上海市杨浦区许昌路1482号,0,121.52017380605722,31.27665442046541,1.0,80.0,100.0,门址,,,0,121.50922752013182,31.272973582548072,True,江浦路街道,江浦路,江浦路,1.0,121.509228_31.272974,1,A,True,passed_A_gate,A,baidu_geocoder_verified,precise=1;confidence>=70;within_yangpu;no_known_subdistrict_contradiction,许昌路1482号,,True
P06G092,healthcare,杨浦区控江社区卫生服务中心,延吉西路100号,控江路街道,上海市杨浦区延吉西路100号,0,121.52751916038176,31.286280659309,1.0,80.0,100.0,门址,,,0,121.51663273612134,31.282508970386385,True,控江路街道,控江路,控江路,1.0,121.516633_31.282509,1,A,True,passed_A_gate,A,baidu_geocoder_verified,precise=1;confidence>=70;within_yangpu;no_known_subdistrict_contradiction,延吉西路100号,,True
P06G093,healthcare,上海市杨浦区延吉社区卫生服务中心,水丰路383号,延吉新村街道,上海市杨浦区水丰路383号,0,121.54379277316995,31.294883771361,1.0,80.0,100.0,门址,,,0,121.53303846196486,31.29085163886477,True,延吉新村街道,延吉新村,延吉新村,1.0,121.533038_31.290852,1,A,True,passed_A_gate,A,baidu_geocoder_verified,precise=1;confidence>=70;within_yangpu;no_known_subdistrict_contradiction,水丰路383号,,True
P06G094,healthcare,杨浦区长白社区卫生服务中心,松花江路15号,长白新村街道,上海市杨浦区松花江路15号,0,121.550747095106,31.30384191596449,1.0,80.0,100.0,门址,,,0,121.54003935498174,31.299710585958767,True,长白新村街道,长白新村,长白新村,1.0,121.540039_31.299711,1,A,True,passed_A_gate,A,baidu_geocoder_verified,precise=1;confidence>=70;within_yangpu;no_known_subdistrict_contradiction,松花江路15号,,True
P06G095,healthcare,杨浦区四平社区卫生服务中心,铁岭路39号,四平路街道,上海市杨浦区铁岭路39号,0,121.52078761821218,31.283225633591133,1.0,80.0,100.0,门址,,,0,121.50984991539646,31.27953729932359,True,四平路街道,四平路,四平路,1.0,121.50985_31.279537,1,A,True,passed_A_gate,A,baidu_geocoder_verified,precise=1;confidence>=70;within_yangpu;no_known_subdistrict_contradiction,铁岭路39号,,True
P06G096,healthcare,杨浦区殷行社区卫生服务中心,殷行路429号,殷行街道,上海市杨浦区殷行路429号,0,121.54330418480308,31.334305588326867,1.0,80.0,100.0,门址,,,0,121.53251531041616,31.33025867205495,True,殷行街道,殷行,殷行,1.0,121.532515_31.330259,1,A,True,passed_A_gate,A,baidu_geocoder_verified,precise=1;confidence>=70;within_yangpu;no_known_subdistrict_contradiction,殷行路429号,,True
P06G097,healthcare,杨浦区五角场社区卫生服务中心,武东路9号,五角场街道,上海市杨浦区武东路9号,0,121.50734654235802,31.30655919637801,1.0,80.0,100.0,门址,,,0,121.49633475624884,31.30291856798604,True,五角场街道,五角场,五角场,1.0,121.496335_31.302919,1,A,True,passed_A_gate,A,baidu_geocoder_verified,precise=1;confidence>=70;within_yangpu;no_known_subdistrict_contradiction,武东路9号,,True
P06G098,healthcare,杨浦区长海社区卫生服务中心,营口路760号,长海路街道,上海市杨浦区营口路760号,0,121.539961679831,31.30262509973013,1.0,80.0,100.0,门址,,,0,121.52917573750514,31.2986500611931,True,长海路街道,长海路,长海路,1.0,121.529176_31.29865,1,A,True,passed_A_gate,A,baidu_geocoder_verified,precise=1;confidence>=70;within_yangpu;no_known_subdistrict_contradiction,营口路760号,,True
P06G099,healthcare,杨浦区新江湾城社区卫生服务中心,政和路107号,新江湾城街道,上海市杨浦区政和路107号,0,121.51951561761004,31.33168674049783,1.0,80.0,100.0,门址,,,0,121.508544128749,31.32798618655264,True,新江湾城街道,新江湾城,新江湾城,1.0,121.508544_31.327986,1,A,True,passed_A_gate,A,baidu_geocoder_verified,precise=1;confidence>=70;within_yangpu;no_known_subdistrict_contradiction,政和路107号,,True
P06G100,culture,定海路街道社区文化活动中心,长阳路3066号,定海路街道,上海市杨浦区长阳路3066号,0,121.55594244502296,31.28490406620013,1.0,80.0,100.0,门址,,,0,121.54526471844063,31.28072833877525,True,定海路街道,定海路,定海路,1.0,121.545265_31.280728,2,A,True,passed_A_gate,A,baidu_geocoder_verified,precise=1;confidence>=70;within_yangpu;no_known_subdistrict_contradiction,长阳路3066号,,True
P06G101,culture,大桥街道社区文化活动中心,,大桥街道,,-1,,,,,,,,missing_official_address,-1,,,False,,大桥,,0.0,,0,C,False,geocoding_failed_or_missing_address;subdistrict_mismatch,C,,not_yet_analysis_ready,平凉路1730号,Yangpu Government public-culture delivery notice (2025-06-16),False
P06G102,culture,平凉路街道社区文化活动中心,怀德路399号,平凉路街道,上海市杨浦区怀德路399号,0,121.53254787462662,31.26220174207041,1.0,80.0,100.0,门址,,,0,121.52168298267952,31.258358716427036,True,平凉路街道,平凉路,平凉路,1.0,121.521683_31.258359,2,A,True,passed_A_gate,A,baidu_geocoder_verified,precise=1;confidence>=70;within_yangpu;no_known_subdistrict_contradiction,怀德路399号,,True
P06G103,culture,江浦路街道社区文化活动中心,许昌路1150号,江浦路街道,上海市杨浦区许昌路1150号,0,121.52415356895808,31.27131302582114,1.0,80.0,100.0,门址,,,0,121.5132311040106,31.26758936900645,True,江浦路街道,江浦路,江浦路,1.0,121.513231_31.267589,2,A,True,passed_A_gate,A,baidu_geocoder_verified,precise=1;confidence>=70;within_yangpu;no_known_subdistrict_contradiction,许昌路1150号,,True
P06G104,culture,控江路街道社区文化活动中心,黄兴路566号,控江路街道,上海市杨浦区黄兴路566号,0,121.53313276134416,31.283024651704164,1.0,80.0,100.0,门址,,,0,121.52228983072192,31.279168281337487,True,控江路街道,控江路,控江路,1.0,121.52229_31.279168,1,A,True,passed_A_gate,A,baidu_geocoder_verified,precise=1;confidence>=70;within_yangpu;no_known_subdistrict_contradiction,黄兴路566号,,True
P06G105,culture,延吉新村街道社区文化活动中心,,延吉新村街道,,-1,,,,,,,,missing_official_address,-1,,,False,,延吉新村,,0.0,,0,C,False,geocoding_failed_or_missing_address;subdistrict_mismatch,C,,not_yet_analysis_ready,延吉中路77号,Yangpu Government Yanji culture/current public-culture notices,False
P06G106,culture,长白新村街道社区文化活动中心,延吉东路105号,长白新村街道,上海市杨浦区延吉东路105号,0,121.55002198289836,31.30119644851121,1.0,80.0,100.0,门址,,,0,121.53931067593813,31.29707510894434,True,长白新村街道,长白新村,长白新村,1.0,121.539311_31.297075,1,A,True,passed_A_gate,A,baidu_geocoder_verified,precise=1;confidence>=70;within_yangpu;no_known_subdistrict_contradiction,延吉东路105号,,True
P06G107,culture,四平路街道社区文化活动中心,,四平路街道,,-1,,,,,,,,missing_official_address,-1,121.50644525343358,31.28071885655982,True,四平路街道,四平路,,1.0,,0,C,False,geocoding_failed_or_missing_address;subdistrict_mismatch,A,official_plus_named_osm,official_current_address + high_name_OSM_entity,抚顺路360号,Yangpu Government Siping culture service information (2021-10-20; current notices corroborate),True
P06G108,culture,殷行街道社区文化活动中心,市光三村164号,殷行街道,上海市杨浦区市光三村164号,0,121.54668109487618,31.32592913427772,1.0,75.0,0.0,楼号,,,0,121.53592621401866,31.321837509337605,True,殷行街道,殷行,殷行,1.0,121.535926_31.321838,1,B,False,passed_A_gate,A,baidu_geocoder_verified,precise=1;confidence>=70;within_yangpu;no_known_subdistrict_contradiction,市光三村164号,,True
P06G109,culture,五角场街道社区文化活动中心,政化路257号,五角场街道,上海市杨浦区政化路257号,0,121.51691699943078,31.29905385493328,1.0,80.0,100.0,门址,,,0,121.50595660525644,31.295393068574928,True,五角场街道,五角场,五角场,1.0,121.505957_31.295393,2,A,True,passed_A_gate,A,baidu_geocoder_verified,precise=1;confidence>=70;within_yangpu;no_known_subdistrict_contradiction,政化路257号,,True
P06G110,culture,长海路街道社区文化活动中心,翔殷路505弄3号,长海路街道,上海市杨浦区翔殷路505弄3号,0,121.54218309952664,31.31197801693284,1.0,80.0,0.0,门址,,,0,121.53140863049032,31.307962426495543,True,长海路街道,长海路,长海路,1.0,121.531409_31.307962,1,A,True,passed_A_gate,A,baidu_geocoder_verified,precise=1;confidence>=70;within_yangpu;no_known_subdistrict_contradiction,翔殷路505弄3号,,True
P06G111,culture,新江湾城街道社区文化活动中心,,新江湾城街道,,-1,,,,,,,,missing_official_address,-1,121.5062282378616,31.33628310674195,True,新江湾城街道,新江湾城,,1.0,,0,C,False,geocoding_failed_or_missing_address;subdistrict_mismatch,A,official_plus_named_osm,official_current_address + high_name_OSM_entity,国秀路700号,Yangpu Government community culture centre evaluation/current notices (2024-05-28 onward),True
P06G112,sports,杨浦区体育活动中心体育馆,周家嘴路3681号,,上海市杨浦区周家嘴路3681号,0,121.54846782453554,31.28529900074984,1.0,80.0,100.0,门址,,,0,121.53774517099708,31.28120327644784,True,延吉新村街道,,延吉新村,,121.537745_31.281203,1,A,True,passed_A_gate,A,baidu_geocoder_verified,precise=1;confidence>=70;within_yangpu;no_known_subdistrict_contradiction,周家嘴路3681号,,True
P06G113,sports,杨浦区体育活动中心体育场,隆昌路640号,,上海市杨浦区隆昌路640号,0,121.54852073473008,31.28616431741596,1.0,80.0,100.0,门址,,,0,121.53779882236464,31.282067656437988,True,延吉新村街道,,延吉新村,,121.537799_31.282068,1,A,True,passed_A_gate,A,baidu_geocoder_verified,precise=1;confidence>=70;within_yangpu;no_known_subdistrict_contradiction,隆昌路640号,,True
P06G114,sports,白洋淀足球场,长阳路3399号,,上海市杨浦区长阳路3399号,0,121.56006180460008,31.286532861495807,1.0,80.0,100.0,门址,,,0,121.54940369162009,31.28233105642286,True,定海路街道,,定海路,,121.549404_31.282331,1,A,True,passed_A_gate,A,baidu_geocoder_verified,precise=1;confidence>=70;within_yangpu;no_known_subdistrict_contradiction,长阳路3399号,,True
P06G115,sports,江浦社区市民健身中心,辽源西路143号,,上海市杨浦区辽源西路143号,0,121.51738501660148,31.27411088218611,1.0,80.0,100.0,门址,,,0,121.5064185144017,31.27045416094885,True,江浦路街道,,江浦路,,121.506419_31.270454,1,A,True,passed_A_gate,A,baidu_geocoder_verified,precise=1;confidence>=70;within_yangpu;no_known_subdistrict_contradiction,辽源西路143号,,True
P06G116,sports,长白228街坊运动健康中心,长白路160号（228街坊5号楼）,,上海市杨浦区长白路160号（228街坊5号楼）,0,121.5491038248366,31.29498259102832,1.0,70.0,57.0,地产小区,,,0,121.53838763017228,31.290875413169797,True,长白新村街道,,长白新村,,121.538388_31.290875,1,B,False,passed_A_gate,A,baidu_geocoder_verified,precise=1;confidence>=70;within_yangpu;no_known_subdistrict_contradiction,长白路160号（228街坊5号楼）,,True
P06G117,sports,定海社区市民健身中心,爱国路350号,,上海市杨浦区爱国路350号,0,121.55560466931829,31.2874478174923,0.0,80.0,99.0,门址,,,0,121.54492625612087,31.28327410249388,True,定海路街道,,定海路,,121.544926_31.283274,1,B,False,not_precise,B,baidu_geocoder_candidate,plausible_candidate_not_strict_A,爱国路350号,,False
P06G118,sports,五角场街道市民健身驿站,政化路257号二楼,,上海市杨浦区政化路257号二楼,0,121.51691699943078,31.29905385493328,1.0,80.0,100.0,门址,,,0,121.50595660525644,31.295393068574928,True,五角场街道,,五角场,,121.505957_31.295393,2,A,True,passed_A_gate,A,baidu_geocoder_verified,precise=1;confidence>=70;within_yangpu;no_known_subdistrict_contradiction,政化路257号二楼,,True
P06G119,sports,平凉路街道市民健身驿站,怀德路399号,,上海市杨浦区怀德路399号,0,121.53254787462662,31.26220174207041,1.0,80.0,100.0,门址,,,0,121.52168298267952,31.258358716427036,True,平凉路街道,,平凉路,,121.521683_31.258359,2,A,True,passed_A_gate,A,baidu_geocoder_verified,precise=1;confidence>=70;within_yangpu;no_known_subdistrict_contradiction,怀德路399号,,True
P06G120,sports,江浦社区运动健康中心,许昌路1150号4楼,,上海市杨浦区许昌路1150号4楼,0,121.52415356895808,31.27131302582114,1.0,80.0,100.0,门址,,,0,121.5132311040106,31.26758936900645,True,江浦路街道,,江浦路,,121.513231_31.267589,2,A,True,passed_A_gate,A,baidu_geocoder_verified,precise=1;confidence>=70;within_yangpu;no_known_subdistrict_contradiction,许昌路1150号4楼,,True
P06G121,sports,长海路街道市民健身驿站海尚店,闸殷路309号A栋1层,,上海市杨浦区闸殷路309号A栋1层,0,121.53140549950956,31.33152966280867,1.0,80.0,100.0,门址,,,0,121.5205237231826,31.3276763448104,True,长海路街道,,长海路,,121.520524_31.327676,1,A,True,passed_A_gate,A,baidu_geocoder_verified,precise=1;confidence>=70;within_yangpu;no_known_subdistrict_contradiction,闸殷路309号A栋1层,,True
P06G122,sports,延春公园公共篮球场,营口路20号,,上海市杨浦区营口路20号,0,121.54190902651554,31.29401791837252,1.0,80.0,100.0,门址,,,0,121.53114022252234,31.290015401695918,True,延吉新村街道,,延吉新村,,121.53114_31.290015,2,A,True,passed_A_gate,A,baidu_geocoder_verified,precise=1;confidence>=70;within_yangpu;no_known_subdistrict_contradiction,营口路20号,,True
P06G123,sports,白城路社区篮球场,白城路580号,,上海市杨浦区白城路580号,0,121.5504140034229,31.3290709036506,1.0,80.0,100.0,门址,,,0,121.5396811476534,31.32492847938672,True,殷行街道,,殷行,,121.539681_31.324928,2,A,True,passed_A_gate,A,baidu_geocoder_verified,precise=1;confidence>=70;within_yangpu;no_known_subdistrict_contradiction,白城路580号,,True
P06G124,sports,白城路社区足球场,白城路580号,,上海市杨浦区白城路580号,0,121.5504140034229,31.3290709036506,1.0,80.0,100.0,门址,,,0,121.5396811476534,31.32492847938672,True,殷行街道,,殷行,,121.539681_31.324928,2,A,True,passed_A_gate,A,baidu_geocoder_verified,precise=1;confidence>=70;within_yangpu;no_known_subdistrict_contradiction,白城路580号,,True
P06G125,sports,新江湾城社区政悦路市民运动球场,政悦路近殷行路,,上海市杨浦区政悦路近殷行路,0,121.52740920778731,31.3346016132836,0.0,30.0,100.0,道路,,,0,121.51649234561457,31.33080614030588,True,新江湾城街道,,新江湾城,,121.516492_31.330806,1,C,False,confidence_below_70;not_precise,C,,not_yet_analysis_ready,政悦路近殷行路,,False
P06G126,sports,四平社区市民健身中心,本溪路274号,,上海市杨浦区本溪路274号,0,121.51913949709302,31.28072902981965,1.0,80.0,100.0,门址,,,0,121.50818920390677,31.277056814842663,True,四平路街道,,四平路,,121.508189_31.277057,1,A,True,passed_A_gate,A,baidu_geocoder_verified,precise=1;confidence>=70;within_yangpu;no_known_subdistrict_contradiction,本溪路274号,,True
P06G127,sports,控江路社区运动健康中心,周家嘴路2865-2号,,上海市杨浦区周家嘴路2865-2号,0,121.53218361174233,31.27983102618948,1.0,80.0,0.0,门址,,,0,121.52133097464058,31.275990553599254,True,控江路街道,,控江路,,121.521331_31.275991,1,A,True,passed_A_gate,A,baidu_geocoder_verified,precise=1;confidence>=70;within_yangpu;no_known_subdistrict_contradiction,周家嘴路2865-2号,,True
P06G128,sports,殷行社区运动健康中心,工农四村175号,,上海市杨浦区工农四村175号,0,121.547492803735,31.329233614822847,1.0,70.0,0.0,地产小区,,,0,121.53674006187066,31.32512864487183,True,殷行街道,,殷行,,121.53674_31.325129,1,B,False,passed_A_gate,A,baidu_geocoder_verified,precise=1;confidence>=70;within_yangpu;no_known_subdistrict_contradiction,工农四村175号,,True
P06G129,sports,新江湾城社区市民健身中心,国泓路392弄1单元4楼,,上海市杨浦区国泓路392弄1单元4楼,0,121.50653600129638,31.328492698333697,1.0,80.0,13.0,门址,,,0,121.49550018339946,31.32483669889829,True,新江湾城街道,,新江湾城,,121.4955_31.324837,1,A,True,passed_A_gate,A,baidu_geocoder_verified,precise=1;confidence>=70;within_yangpu;no_known_subdistrict_contradiction,国泓路392弄1单元4楼,,True
P06G130,sports,定海百姓健身房,长阳路3066号负一楼,,上海市杨浦区长阳路3066号负一楼,0,121.55594244502296,31.28490406620013,1.0,80.0,100.0,门址,,,0,121.54526471844063,31.28072833877525,True,定海路街道,,定海路,,121.545265_31.280728,2,A,True,passed_A_gate,A,baidu_geocoder_verified,precise=1;confidence>=70;within_yangpu;no_known_subdistrict_contradiction,长阳路3066号负一楼,,True
P06G131,sports,长海路街道市民健身驿站,翔殷路505弄3号一层,,上海市杨浦区翔殷路505弄3号一层,0,121.54145358562197,31.31145192191313,1.0,80.0,100.0,门址,,,0,121.53067385384097,31.307448186632648,True,长海路街道,,长海路,,121.530674_31.307448,1,A,True,passed_A_gate,A,baidu_geocoder_verified,precise=1;confidence>=70;within_yangpu;no_known_subdistrict_contradiction,翔殷路505弄3号一层,,True
