subdistrict_name,facility_type,network_length_m,network_coverage_5min_pct,network_coverage_10min_pct,network_coverage_15min_pct
殷行街道,healthcare,126475.57681459299,2.879347747543153,11.497789322184262,29.665479600149038
定海路街道,healthcare,52869.62479659897,2.97397718129673,15.341881567554301,37.4074842492397
平凉路街道,healthcare,37118.15490288097,9.466062178428755,35.156020728664146,54.146840189105156
大桥街道,healthcare,50808.44407405064,5.494867306492375,17.65783386701972,35.60587907270498
四平路街道,healthcare,73092.41165792732,7.9004107678402695,23.84037523606054,42.45525985446497
江浦路街道,healthcare,23803.337616313853,5.2290369766600735,37.14956268615452,77.35284063232622
五角场街道,healthcare,116149.0525024625,0.7338425697971922,4.462105250656387,15.388995404922541
控江路街道,healthcare,24826.59326341816,15.469230921846968,57.10749866739333,95.37047658106894
长海路街道,healthcare,117274.55874208563,1.8997123600583377,12.256210027375356,22.02006806853154
长白新村街道,healthcare,50689.21009812977,4.992435585829057,27.352334154172496,42.846392756934804
延吉新村街道,healthcare,19897.934769776635,10.534358997458494,39.70716959318394,69.72844315743201
新江湾城街道,healthcare,141112.31177692997,3.215071435713716,14.660069774544423,28.055977757986206
殷行街道,elderly_care,126475.57681459299,13.394965866793683,38.92688987247492,64.63025341173139
定海路街道,elderly_care,52869.62479659897,17.847024946263137,56.67236675718482,83.6089826974854
平凉路街道,elderly_care,37118.15490288097,38.61116248275612,69.997645503137,88.38572624755885
大桥街道,elderly_care,50808.44407405064,33.2661105916228,72.11637554924398,91.42234954085622
四平路街道,elderly_care,73092.41165792732,5.357527403217314,28.688674464543244,82.78677659665003
江浦路街道,elderly_care,23803.337616313853,11.079710685694495,40.794514551592634,83.95470583336026
五角场街道,elderly_care,116149.0525024625,6.434614874705885,26.889527388417928,57.32317706616963
控江路街道,elderly_care,24826.59326341816,23.162531144475757,62.066420742110715,90.72069313634343
长海路街道,elderly_care,117274.55874208563,4.6223113261639375,17.50124330865052,42.19580779018803
长白新村街道,elderly_care,50689.21009812977,16.886262770427756,40.698322055463656,81.96175526401626
延吉新村街道,elderly_care,19897.934769776635,40.52032985288805,90.48562435531493,100.0
新江湾城街道,elderly_care,141112.31177692997,3.1667324105209262,18.284486987776596,41.06069619051303
殷行街道,culture,126475.57681459299,1.3460240912241572,8.569451568520769,20.684249817521177
定海路街道,culture,52869.62479659897,3.173609756962455,14.516884213984698,30.4726429919893
平凉路街道,culture,37118.15490288097,9.012086048360818,43.69284360658011,79.30936651921421
大桥街道,culture,50808.44407405064,0.24555727501172658,6.757398368810886,21.77058782094384
四平路街道,culture,73092.41165792732,9.401336753854249,35.42518554484462,59.87476653041684
江浦路街道,culture,23803.337616313853,8.328185288125367,43.16350057370677,84.27308326444052
五角场街道,culture,116149.0525024625,0.0,0.0,0.14004962603727852
控江路街道,culture,24826.59326341816,18.84860532067391,45.628678312509074,86.80863105846119
长海路街道,culture,117274.55874208563,0.3842900349242267,7.013322289077747,19.343005077632156
长白新村街道,culture,50689.21009812977,9.38141433813951,19.36899021178886,35.47776486442196
延吉新村街道,culture,19897.934769776635,0.012530247988931814,4.097842240652101,28.21594544229747
新江湾城街道,culture,141112.31177692997,2.7609444046992464,7.950999469543942,20.38373390363173
殷行街道,sports,126475.57681459299,2.781944358290105,9.620491447507234,25.623588534349583
定海路街道,sports,52869.62479659897,7.388584375677585,25.91596462743137,44.103728465403016
平凉路街道,sports,37118.15490288097,9.012086048360818,43.69284360658011,79.30936651921421
大桥街道,sports,50808.44407405064,1.3911407811504148,12.073411365427768,31.31814919278265
四平路街道,sports,73092.41165792732,6.583381681523808,25.296494327230214,46.207422417872145
江浦路街道,sports,23803.337616313853,17.1511072171109,69.66349596481481,94.44693656390264
五角场街道,sports,116149.0525024625,0.0,0.0,0.0009632493027123133
控江路街道,sports,24826.59326341816,6.4095832436816575,34.65959352326444,63.16273016860886
长海路街道,sports,117274.55874208563,0.34707135839970543,7.0838955554498995,19.310245193686665
长白新村街道,sports,50689.21009812977,0.0,1.1184476421959961,7.934243518610983
延吉新村街道,sports,19897.934769776635,19.729558232661528,68.0591970367576,97.30297099095868
新江湾城街道,sports,141112.31177692997,0.7500172830802299,3.6172835037675646,11.717559579607354
