component_id,nodes,edges,length_km
1,11384,16034,1191.8225111049082
2,60,66,2.8390236270796305
3,17,18,0.6778401834613051
4,10,9,0.6736109067993128
5,10,9,0.1811189747635187
6,10,12,0.34940241842549796
7,8,7,0.5029002401917444
8,7,6,0.3048039796014309
9,7,8,0.6629961710489803
10,7,6,0.2705771880485727
11,6,5,0.18895700459482526
12,6,5,0.9647998428583149
13,6,5,0.25746259589369874
14,6,5,0.1399713371779428
15,6,5,0.24226183269792406
16,6,5,1.2882310658005836
17,5,4,0.10852346522441789
18,5,4,0.39284557482741495
19,4,3,0.0741932645631015
20,4,3,0.2784067531150009
21,4,3,0.15463859529747145
22,4,3,0.18077406129233548
23,4,3,0.21061142568477248
24,4,3,0.010609233416271862
25,4,3,0.07203185273541501
26,4,3,0.3335242086099031
27,2,1,0.1082767861803347
28,2,1,0.17254167557201294
29,2,1,0.08633960522252003
30,2,1,0.11744599244963544
31,2,1,0.11340043948680421
32,2,1,0.015119221353070499
33,2,1,0.05791690972937513
34,2,1,0.021237881155414088
35,2,1,0.05300837767854161
36,2,1,0.01558063631941884
37,2,1,0.2811865050696556
38,2,1,0.2198925782941296
39,2,1,0.03504831441329988
40,2,1,0.02895905929303991
41,2,1,0.01922590903835984
42,2,1,0.012485135472279533
43,2,1,0.023958463618715703
44,2,1,0.01671223301523874
45,2,1,0.024488571504783212
46,2,1,0.017961775952851318
47,2,1,0.01995568273137056
48,2,1,0.0217751131218502
49,2,1,0.08005596025367824
50,2,1,0.08184512040378512
51,2,1,0.016233523206202864
52,2,1,0.015314202564876677
53,2,1,0.008396010212583661
54,2,1,0.018697506954166367
55,2,1,0.01220026990518181
56,2,1,0.013083715295941703
57,2,1,0.015110040472022305
58,2,1,0.014544549463111836
59,2,1,0.005470473733137688
60,2,1,0.006208052589487622
61,2,1,0.006518454619157224
62,2,1,0.1538303429138346
63,2,1,0.01736528938357307
64,2,1,0.012557572413773697
65,2,1,0.015456519735961615
66,2,1,0.10408991340379442
67,2,1,0.01760727713696974
68,2,1,0.020265129120378058
69,2,1,0.0021535966683098313
70,2,1,0.1589306287222335
71,2,1,0.039742441877987575
72,2,1,0.046289575124548274
73,2,1,0.11205180964993737
74,2,1,0.07272761006770424
75,2,1,0.05915983782577495
76,2,1,0.05905190755341859
77,2,1,0.007734211130670981
78,2,1,0.010752149177891853
79,2,1,0.17417334541246984
80,2,1,0.013210853957200133
