subdistrict_name,facility_type,supply_indicator,network_coverage_15min_pct,gap_type,intervention_type
殷行街道,healthcare,0.05479452054794521,29.66547960014904,combined_gap,priority_combined_supply_and_spatial_intervention
大桥街道,healthcare,0.10482180293501048,35.60587907270498,combined_gap,priority_combined_supply_and_spatial_intervention
五角场街道,healthcare,0.0691085003455425,15.38899540492254,combined_gap,priority_combined_supply_and_spatial_intervention
长海路街道,healthcare,0.05991611743559017,22.02006806853154,combined_gap,priority_combined_supply_and_spatial_intervention
四平路街道,elderly_care,0.21645021645021645,82.78677659665003,combined_gap,priority_combined_supply_and_spatial_intervention
五角场街道,elderly_care,0.34554250172771256,57.32317706616963,combined_gap,priority_combined_supply_and_spatial_intervention
长海路街道,elderly_care,0.35949670461354105,42.19580779018803,combined_gap,priority_combined_supply_and_spatial_intervention
新江湾城街道,elderly_care,0.1440922190201729,41.06069619051303,combined_gap,priority_combined_supply_and_spatial_intervention
殷行街道,culture,0.05479452054794521,20.684249817521177,combined_gap,priority_combined_supply_and_spatial_intervention
大桥街道,culture,0.10482180293501048,21.77058782094384,combined_gap,priority_combined_supply_and_spatial_intervention
五角场街道,culture,0.0691085003455425,0.1400496260372785,combined_gap,priority_combined_supply_and_spatial_intervention
长海路街道,culture,0.05991611743559017,19.34300507763216,combined_gap,priority_combined_supply_and_spatial_intervention
大桥街道,sports,0.0,31.31814919278265,combined_gap,priority_combined_supply_and_spatial_intervention
五角场街道,sports,0.0691085003455425,0.0009632493027123,combined_gap,priority_combined_supply_and_spatial_intervention
长海路街道,sports,0.11983223487118035,19.310245193686665,combined_gap,priority_combined_supply_and_spatial_intervention
长白新村街道,sports,0.13550135501355012,7.934243518610983,combined_gap,priority_combined_supply_and_spatial_intervention
