subdistrict_id,subdistrict_name,population_total,park_per_10k,park_per_10k_relative_supply,park_area_m2_per_capita,park_area_m2_per_capita_relative_supply,elderly_care_per_10k,elderly_care_per_10k_relative_supply,healthcare_per_10k,healthcare_per_10k_relative_supply,culture_per_10k,culture_per_10k_relative_supply
310110001,定海路街道,89600,0.2232142857142857,above_median,0.5680803571428571,below_median,0.6696428571428572,above_median,0.1116071428571428,above_median,0.1116071428571428,above_median
310110006,平凉路街道,57800,0.3460207612456747,above_median,0.6072664359861591,above_median,0.8650519031141868,above_median,0.1730103806228373,above_median,0.1730103806228373,above_median
310110008,江浦路街道,82400,0.1213592233009708,below_median,0.4672330097087379,below_median,0.3640776699029126,below_median,0.1213592233009708,above_median,0.1213592233009708,above_median
310110009,四平路街道,92400,0.2164502164502164,above_median,0.7045454545454546,above_median,0.2164502164502164,below_median,0.1082251082251082,below_median,0.1082251082251082,below_median
310110012,控江路街道,102800,0.0972762645914396,below_median,0.0389105058365758,below_median,0.3891050583657587,below_median,0.0972762645914396,below_median,0.0972762645914396,below_median
310110013,长白新村街道,73800,0.1355013550135501,below_median,0.1951219512195122,below_median,1.084010840108401,above_median,0.1355013550135501,above_median,0.1355013550135501,above_median
310110015,延吉新村街道,84900,0.2355712603062426,above_median,2.7090694935217905,above_median,0.8244994110718492,above_median,0.1177856301531213,above_median,0.1177856301531213,above_median
310110016,殷行街道,182500,0.1643835616438356,below_median,7.098082191780822,above_median,0.6027397260273972,above_median,0.0547945205479452,below_median,0.0547945205479452,below_median
310110018,大桥街道,95400,0.2096436058700209,above_median,0.1752578616352201,below_median,0.7337526205450733,above_median,0.1048218029350104,below_median,0.1048218029350104,below_median
310110019,五角场街道,144700,0.0,below_median,0.0,below_median,0.3455425017277125,below_median,0.0691085003455425,below_median,0.0691085003455425,below_median
310110020,新江湾城街道,69400,0.5763688760806917,above_median,4.577341498559078,above_median,0.1440922190201729,below_median,0.1440922190201729,above_median,0.1440922190201729,above_median
310110021,长海路街道,166900,0.1198322348711803,below_median,2.41821449970042,above_median,0.359496704613541,below_median,0.0599161174355901,below_median,0.0599161174355901,below_median
