subdistrict_id,subdistrict_name,population_total,park_count,park_per_10k,park_area_m2,park_area_m2_per_capita,elderly_care_count,elderly_care_per_10k,healthcare_count,healthcare_per_10k,culture_count,culture_per_10k,park_area_m2_per_capita_descriptive_rank,elderly_care_per_10k_descriptive_rank,healthcare_per_10k_descriptive_rank,culture_per_10k_descriptive_rank
310110001,定海路街道,89600,2,0.2232142857142857,50900.0,0.5680803571428571,6,0.6696428571428572,1,0.1116071428571428,1,0.1116071428571428,7,5,6,6
310110006,平凉路街道,57800,2,0.3460207612456747,35100.0,0.6072664359861591,5,0.8650519031141868,1,0.1730103806228373,1,0.1730103806228373,6,2,1,1
310110008,江浦路街道,82400,1,0.1213592233009708,38500.0,0.4672330097087379,3,0.3640776699029126,1,0.1213592233009708,1,0.1213592233009708,8,8,4,4
310110009,四平路街道,92400,2,0.2164502164502164,65100.0,0.7045454545454546,2,0.2164502164502164,1,0.1082251082251082,1,0.1082251082251082,5,11,7,7
310110012,控江路街道,102800,1,0.0972762645914396,4000.0,0.0389105058365758,4,0.3891050583657587,1,0.0972762645914396,1,0.0972762645914396,11,7,9,9
310110013,长白新村街道,73800,1,0.1355013550135501,14400.0,0.1951219512195122,8,1.084010840108401,1,0.1355013550135501,1,0.1355013550135501,9,1,3,3
310110015,延吉新村街道,84900,2,0.2355712603062426,230000.0,2.7090694935217905,7,0.8244994110718492,1,0.1177856301531213,1,0.1177856301531213,3,3,5,5
310110016,殷行街道,182500,3,0.1643835616438356,1295400.0,7.098082191780822,11,0.6027397260273972,1,0.0547945205479452,1,0.0547945205479452,1,6,12,12
310110018,大桥街道,95400,2,0.2096436058700209,16719.6,0.1752578616352201,7,0.7337526205450733,1,0.1048218029350104,1,0.1048218029350104,10,4,8,8
310110019,五角场街道,144700,0,0.0,0.0,0.0,5,0.3455425017277125,1,0.0691085003455425,1,0.0691085003455425,12,10,10,10
310110020,新江湾城街道,69400,4,0.5763688760806917,317667.5,4.577341498559078,1,0.1440922190201729,1,0.1440922190201729,1,0.1440922190201729,2,12,2,2
310110021,长海路街道,166900,2,0.1198322348711803,403600.0,2.41821449970042,6,0.359496704613541,1,0.0599161174355901,1,0.0599161174355901,4,9,11,11
