source_record_id,facility_name,address,subdistrict_name,facility_type,source_x,source_date,geometry_status,capacity,capacity_unit,capacity_type_x,planning_facility_name,planned_beds,planning_subdistrict_raw,capacity_type_y,source_y,match_method
1,上海市杨浦区社会福利院,松花江路55弄5号,长白新村街道,elderly_care,Yangpu District Civil Affairs Bureau,2024-09-30,not_geocoded,,beds,,上海市杨浦区社会福利院,804.0,长白,planned_2025,Yangpu Elderly-care Service Facilities Layout Special Plan (2022–2035),exact_name
2,上海欣益养老院有限公司,民星路450号,殷行街道,elderly_care,Yangpu District Civil Affairs Bureau,2024-09-30,not_geocoded,,beds,,上海欣益养老院有限公司,400.0,殷行,planned_2025,Yangpu Elderly-care Service Facilities Layout Special Plan (2022–2035),exact_name
3,上海杨浦区福象新江湾城老年福利院,政和路77号,新江湾城街道,elderly_care,Yangpu District Civil Affairs Bureau,2024-09-30,not_geocoded,,beds,,,,,,,unmatched
4,上海市杨浦区社会福利院第一分院,怀德路802号,平凉路街道,elderly_care,Yangpu District Civil Affairs Bureau,2024-09-30,not_geocoded,,beds,,上海市杨浦区社会福利院第一分院,244.0,平凉,planned_2025,Yangpu Elderly-care Service Facilities Layout Special Plan (2022–2035),exact_name
5,上海杨浦区汇晨长白老年福利院,民治路15号,长白新村街道,elderly_care,Yangpu District Civil Affairs Bureau,2024-09-30,not_geocoded,,beds,,,,,,,unmatched
6,上海杨浦区延吉街道养老院,控江路600号,延吉新村街道,elderly_care,Yangpu District Civil Affairs Bureau,2024-09-30,not_geocoded,,beds,,上海杨浦区延吉街道养老院,209.0,延吉,planned_2025,Yangpu Elderly-care Service Facilities Layout Special Plan (2022–2035),exact_name
7,上海市杨浦区长海路街道敬老院,翔殷路505弄9号,长海路街道,elderly_care,Yangpu District Civil Affairs Bureau,2024-09-30,not_geocoded,,beds,,,,,,,unmatched
8,上海杨浦区长白新村街道长馨养老院,安图路18弄39号（延吉东路147号）,长白新村街道,elderly_care,Yangpu District Civil Affairs Bureau,2024-09-30,not_geocoded,,beds,,上海杨浦区长白新村街道长馨养老院,105.0,长白,planned_2025,Yangpu Elderly-care Service Facilities Layout Special Plan (2022–2035),exact_name
9,上海杨浦区大桥社区老年公寓,平凉路1759号,大桥街道,elderly_care,Yangpu District Civil Affairs Bureau,2024-09-30,not_geocoded,,beds,,上海杨浦区大桥社区老年公寓,238.0,大桥,planned_2025,Yangpu Elderly-care Service Facilities Layout Special Plan (2022–2035),exact_name
10,上海杨浦区五角场街道敬老院,三门路358弄65号,五角场街道,elderly_care,Yangpu District Civil Affairs Bureau,2024-09-30,not_geocoded,,beds,,,,,,,unmatched
11,上海市杨浦区殷行街道敬老院,开鲁路286弄7号,殷行街道,elderly_care,Yangpu District Civil Affairs Bureau,2024-09-30,not_geocoded,,beds,,上海市杨浦区殷行街道敬老院,99.0,殷行,planned_2025,Yangpu Elderly-care Service Facilities Layout Special Plan (2022–2035),exact_name
12,上海市杨浦区四平路街道敬老院,铁岭路50弄63号,四平路街道,elderly_care,Yangpu District Civil Affairs Bureau,2024-09-30,not_geocoded,,beds,,上海市杨浦区四平路街道敬老院,72.0,四平,planned_2025,Yangpu Elderly-care Service Facilities Layout Special Plan (2022–2035),exact_name
13,上海杨浦区控江路街道敬老院,凤城三村31号,控江路街道,elderly_care,Yangpu District Civil Affairs Bureau,2024-09-30,not_geocoded,,beds,,上海杨浦区控江路街道敬老院,43.0,控江,planned_2025,Yangpu Elderly-care Service Facilities Layout Special Plan (2022–2035),exact_name
14,上海定海社区（顺平）长者照护之家,顺平路67号,定海路街道,elderly_care,Yangpu District Civil Affairs Bureau,2024-09-30,not_geocoded,,beds,,,,,,,unmatched
15,上海五角场社区（国定）长者照护之家,国定支路24-28号,五角场街道,elderly_care,Yangpu District Civil Affairs Bureau,2024-09-30,not_geocoded,,beds,,,,,,,unmatched
16,上海杨浦区殷行社区市光新村长者照护之家,市光一村106号二层、三层,殷行街道,elderly_care,Yangpu District Civil Affairs Bureau,2024-09-30,not_geocoded,,beds,,,,,,,unmatched
17,上海殷行社区（闸殷）长者照护之家,闸殷路86号三、四层,殷行街道,elderly_care,Yangpu District Civil Affairs Bureau,2024-09-30,not_geocoded,,beds,,,,,,,unmatched
18,上海杨浦区长海社区浣纱长者照护之家,国顺东路20号1-2楼,长海路街道,elderly_care,Yangpu District Civil Affairs Bureau,2024-09-30,not_geocoded,,beds,,,,,,,unmatched
19,上海延吉社区（吉善）长者照护之家,延吉一村16号,延吉新村街道,elderly_care,Yangpu District Civil Affairs Bureau,2024-09-30,not_geocoded,,beds,,,,,,,unmatched
20,上海杨浦区平凉社区（怀德）长者照护之家,平凉路624号一楼,平凉路街道,elderly_care,Yangpu District Civil Affairs Bureau,2024-09-30,not_geocoded,,beds,,,,,,,unmatched
21,上海杨浦区长白社区（长福）长者照护之家,安图路18弄45号101-106室、202-206室,长白新村街道,elderly_care,Yangpu District Civil Affairs Bureau,2024-09-30,not_geocoded,,beds,,,,,,,unmatched
22,上海杨浦区长白社区安康怡长者照护之家,松花一村32号甲,长白新村街道,elderly_care,Yangpu District Civil Affairs Bureau,2024-09-30,not_geocoded,,beds,,,,,,,unmatched
23,上海杨浦区民星第二敬老院,市光二村89号,殷行街道,elderly_care,Yangpu District Civil Affairs Bureau,2024-09-30,not_geocoded,,beds,,上海杨浦区民星第二敬老院,42.0,殷行,planned_2025,Yangpu Elderly-care Service Facilities Layout Special Plan (2022–2035),exact_name
24,上海信养养老服务有限公司杨浦信澜养老院分公司,世界路203号,长海路街道,elderly_care,Yangpu District Civil Affairs Bureau,2024-09-30,not_geocoded,,beds,,,,,,,unmatched
25,上海杨浦区新宇敬老院,沧州路180弄5号,控江路街道,elderly_care,Yangpu District Civil Affairs Bureau,2024-09-30,not_geocoded,,beds,,上海杨浦区新宇敬老院,43.0,控江,planned_2025,Yangpu Elderly-care Service Facilities Layout Special Plan (2022–2035),exact_name
26,上海杨浦区寿星敬老院,殷行路470弄52号,殷行街道,elderly_care,Yangpu District Civil Affairs Bureau,2024-09-30,not_geocoded,,beds,,上海杨浦区寿星敬老院,39.0,殷行,planned_2025,Yangpu Elderly-care Service Facilities Layout Special Plan (2022–2035),exact_name
27,上海杨浦区水丰敬老院,控江路680弄12号,延吉新村街道,elderly_care,Yangpu District Civil Affairs Bureau,2024-09-30,not_geocoded,,beds,,上海杨浦区水丰敬老院,28.0,延吉,planned_2025,Yangpu Elderly-care Service Facilities Layout Special Plan (2022–2035),exact_name
28,上海杨浦区中原敬老院,民星二村28号,殷行街道,elderly_care,Yangpu District Civil Affairs Bureau,2024-09-30,not_geocoded,,beds,,上海杨浦区中原敬老院,44.0,殷行,planned_2025,Yangpu Elderly-care Service Facilities Layout Special Plan (2022–2035),exact_name
29,上海杨浦区世纪养老院,政修路270号,五角场街道,elderly_care,Yangpu District Civil Affairs Bureau,2024-09-30,not_geocoded,,beds,,,,,,,unmatched
30,上海舒雅园敬老院,眉州路470号,大桥街道,elderly_care,Yangpu District Civil Affairs Bureau,2024-09-30,not_geocoded,,beds,,上海舒雅园敬老院,100.0,大桥,planned_2025,Yangpu Elderly-care Service Facilities Layout Special Plan (2022–2035),exact_name
31,上海杨浦区新光敬老院,佳木斯路258号,长海路街道,elderly_care,Yangpu District Civil Affairs Bureau,2024-09-30,not_geocoded,,beds,,,,,,,unmatched
32,上海杨浦区新世纪养老院,兰州路390号,平凉路街道,elderly_care,Yangpu District Civil Affairs Bureau,2024-09-30,not_geocoded,,beds,,,,,,,unmatched
33,上海市杨浦香槟和熹会颐养院,江浦路321号,平凉路街道,elderly_care,Yangpu District Civil Affairs Bureau,2024-09-30,not_geocoded,,beds,,,,,,,unmatched
34,上海杨浦区和禾和养老院,翔殷路121弄,长海路街道,elderly_care,Yangpu District Civil Affairs Bureau,2024-09-30,not_geocoded,,beds,,,,,,,unmatched
35,上海杨浦区红日养老院,双阳路330号,控江路街道,elderly_care,Yangpu District Civil Affairs Bureau,2024-09-30,not_geocoded,,beds,,上海杨浦区红日养老院,90.0,控江,planned_2025,Yangpu Elderly-care Service Facilities Layout Special Plan (2022–2035),exact_name
36,上海阳光养老院,定海路150号,定海路街道,elderly_care,Yangpu District Civil Affairs Bureau,2024-09-30,not_geocoded,,beds,,上海阳光养老院,102.0,定海,planned_2025,Yangpu Elderly-care Service Facilities Layout Special Plan (2022–2035),exact_name
37,上海遐福养老院有限公司,辽源西路230弄18号,江浦路街道,elderly_care,Yangpu District Civil Affairs Bureau,2024-09-30,not_geocoded,,beds,,上海遐福养老院有限公司,311.0,江浦,planned_2025,Yangpu Elderly-care Service Facilities Layout Special Plan (2022–2035),exact_name
38,上海杨浦区延吉街道耆乐园养老院,周家嘴路3531号,延吉新村街道,elderly_care,Yangpu District Civil Affairs Bureau,2024-09-30,not_geocoded,,beds,,上海杨浦区延吉街道耆乐园养老院,291.0,延吉,planned_2025,Yangpu Elderly-care Service Facilities Layout Special Plan (2022–2035),exact_name
39,上海怡安养老院,松花江路327号,延吉新村街道,elderly_care,Yangpu District Civil Affairs Bureau,2024-09-30,not_geocoded,,beds,,上海怡安养老院,142.0,延吉,planned_2025,Yangpu Elderly-care Service Facilities Layout Special Plan (2022–2035),exact_name
40,上海杨浦区久安养老院,国伟路300号E座,殷行街道,elderly_care,Yangpu District Civil Affairs Bureau,2024-09-30,not_geocoded,,beds,,,,,,,unmatched
41,上海杨浦区康善养老院,辽源西路107号1、3、4、5、6、8号楼,江浦路街道,elderly_care,Yangpu District Civil Affairs Bureau,2024-09-30,not_geocoded,,beds,,,,,,,unmatched
42,上海江浦社区（康善）长者照护之家,辽源西路107号2号楼,江浦路街道,elderly_care,Yangpu District Civil Affairs Bureau,2024-09-30,not_geocoded,,beds,,,,,,,unmatched
43,上海杨浦区夕阳美阁养老院,济宁路488号,平凉路街道,elderly_care,Yangpu District Civil Affairs Bureau,2024-09-30,not_geocoded,,beds,,上海杨浦区夕阳美阁养老院,166.0,平凉,planned_2025,Yangpu Elderly-care Service Facilities Layout Special Plan (2022–2035),exact_name
44,上海市杨浦馨安老年公寓,内江路海尚大厦6号，6-1号，6-2号,定海路街道,elderly_care,Yangpu District Civil Affairs Bureau,2024-09-30,not_geocoded,,beds,,,,,,,unmatched
45,上海市杨浦长寿家园密云养老院,大连西路50号、密云路358号,四平路街道,elderly_care,Yangpu District Civil Affairs Bureau,2024-09-30,not_geocoded,,beds,,,,,,,unmatched
46,上海杨浦区市东敬老院,武东路55号,五角场街道,elderly_care,Yangpu District Civil Affairs Bureau,2024-09-30,not_geocoded,,beds,,,,,,,unmatched
47,上海杨浦区爱光敬老院,波阳路301号1至8,定海路街道,elderly_care,Yangpu District Civil Affairs Bureau,2024-09-30,not_geocoded,,beds,,,,,,,unmatched
48,上海杨浦区怡百康养老院,双阳支路19号,大桥街道,elderly_care,Yangpu District Civil Affairs Bureau,2024-09-30,not_geocoded,,beds,,,,,,,unmatched
49,上海杨浦区快乐靖宇养老院,靖宇中路120号,控江路街道,elderly_care,Yangpu District Civil Affairs Bureau,2024-09-30,not_geocoded,,beds,,上海杨浦区快乐靖宇养老院,111.0,控江,planned_2025,Yangpu Elderly-care Service Facilities Layout Special Plan (2022–2035),exact_name
50,上海杨浦区长恒养老院,殷行一村9号、殷行二村12号甲,殷行街道,elderly_care,Yangpu District Civil Affairs Bureau,2024-09-30,not_geocoded,,beds,,上海杨浦区长恒养老院,46.0,殷行,planned_2025,Yangpu Elderly-care Service Facilities Layout Special Plan (2022–2035),exact_name
51,上海杨浦区政民敬老院,政民路150弄12号,五角场街道,elderly_care,Yangpu District Civil Affairs Bureau,2024-09-30,not_geocoded,,beds,,,,,,,unmatched
52,上海杨浦区鑫光养老院,宁武路622号,大桥街道,elderly_care,Yangpu District Civil Affairs Bureau,2024-09-30,not_geocoded,,beds,,上海杨浦区鑫光养老院,80.0,大桥,planned_2025,Yangpu Elderly-care Service Facilities Layout Special Plan (2022–2035),exact_name
53,上海杨浦区红枫家园养老院,临青路377号,大桥街道,elderly_care,Yangpu District Civil Affairs Bureau,2024-09-30,not_geocoded,,beds,,上海杨浦区红枫家园养老院,77.0,大桥,planned_2025,Yangpu Elderly-care Service Facilities Layout Special Plan (2022–2035),exact_name
54,上海杨浦区康源养老院,永吉路158号,延吉新村街道,elderly_care,Yangpu District Civil Affairs Bureau,2024-09-30,not_geocoded,,beds,,上海杨浦区康源养老院,185.0,延吉,planned_2025,Yangpu Elderly-care Service Facilities Layout Special Plan (2022–2035),exact_name
55,上海杨浦区夕阳红敬老院,市光四村106号,殷行街道,elderly_care,Yangpu District Civil Affairs Bureau,2024-09-30,not_geocoded,,beds,,上海杨浦区夕阳红敬老院,68.0,殷行,planned_2025,Yangpu Elderly-care Service Facilities Layout Special Plan (2022–2035),exact_name
56,上海杨浦区海康敬老院,隆昌路8号,定海路街道,elderly_care,Yangpu District Civil Affairs Bureau,2024-09-30,not_geocoded,,beds,,上海杨浦区海康敬老院,86.0,定海,planned_2025,Yangpu Elderly-care Service Facilities Layout Special Plan (2022–2035),exact_name
57,上海杨浦区沁园春敬老院,延吉东路137弄21号,长白新村街道,elderly_care,Yangpu District Civil Affairs Bureau,2024-09-30,not_geocoded,,beds,,上海杨浦区沁园春敬老院,38.0,长白,planned_2025,Yangpu Elderly-care Service Facilities Layout Special Plan (2022–2035),exact_name
58,上海杨浦区宏运敬老院,军工路400弄20号,定海路街道,elderly_care,Yangpu District Civil Affairs Bureau,2024-09-30,not_geocoded,,beds,,上海杨浦区宏运敬老院,131.0,定海,planned_2025,Yangpu Elderly-care Service Facilities Layout Special Plan (2022–2035),exact_name
59,上海杨浦区宏原敬老院,民星二村37号,殷行街道,elderly_care,Yangpu District Civil Affairs Bureau,2024-09-30,not_geocoded,,beds,,上海杨浦区宏原敬老院,43.0,殷行,planned_2025,Yangpu Elderly-care Service Facilities Layout Special Plan (2022–2035),exact_name
60,上海杨浦区惠仁养老院,杭州路107弄20号,大桥街道,elderly_care,Yangpu District Civil Affairs Bureau,2024-09-30,not_geocoded,,beds,,上海杨浦区惠仁养老院,50.0,大桥,planned_2025,Yangpu Elderly-care Service Facilities Layout Special Plan (2022–2035),exact_name
61,上海市杨浦人和养老院,市京一村7号,长海路街道,elderly_care,Yangpu District Civil Affairs Bureau,2024-09-30,not_geocoded,,beds,,,,,,,unmatched
62,上海长白社区（常乐）长者照护之家,延吉东路131弄21号底层,长白新村街道,elderly_care,Yangpu District Civil Affairs Bureau,2024-09-30,not_geocoded,,beds,,,,,,,unmatched
63,上海长白社区（常健）长者照护之家,松花一村55号104-107室底层；安图路160号底层,长白新村街道,elderly_care,Yangpu District Civil Affairs Bureau,2024-09-30,not_geocoded,,beds,,,,,,,unmatched
64,上海大桥社区（常康）长者照护之家,渭南路51-53号底层,大桥街道,elderly_care,Yangpu District Civil Affairs Bureau,2024-09-30,not_geocoded,,beds,,,,,,,unmatched
65,上海延吉社区红枫长者照护之家,控江七村34-36号,延吉新村街道,elderly_care,Yangpu District Civil Affairs Bureau,2024-09-30,not_geocoded,,beds,,,,,,,unmatched
