facility_type,facility_name,address,subdistrict_name,match_method,match_score,matched_osm_name,osm_layer,approved_geometry
park,波阳公园,波阳路200号,定海路街道,high_fuzzy_name,1.0,波阳公园,gis_osm_landuse_a_free,True
park,惠民公园,惠民路724号,平凉路街道,high_fuzzy_name,1.0,惠民公园,gis_osm_landuse_a_free,True
park,平凉公园,平凉路1738号,大桥街道,high_fuzzy_name,1.0,平凉公园,gis_osm_landuse_a_free,True
park,复兴岛公园,共青路386号,定海路街道,high_fuzzy_name,1.0,复兴岛公园,gis_osm_landuse_a_free,True
park,延春公园,营口路20号,延吉新村街道,high_fuzzy_name,1.0,延春公园,gis_osm_landuse_a_free,True
park,松鹤公园,抚顺路240号,四平路街道,high_fuzzy_name,1.0,松鹤公园,gis_osm_landuse_a_free,True
park,内江公园,控江路261号,长白新村街道,high_fuzzy_name,1.0,内江公园,gis_osm_landuse_a_free,True
park,工农公园,包头路929号,殷行街道,high_fuzzy_name,1.0,工农公园,gis_osm_landuse_a_free,True
park,民星公园,嫩江路1111号,殷行街道,high_fuzzy_name,1.0,民星公园,gis_osm_landuse_a_free,True
park,四平科技公园,四平路1777号,四平路街道,exact_normalized_name,1.0,四平科技公园,gis_osm_landuse_a_free,False
park,江浦公园,长阳路1111号,江浦路街道,high_fuzzy_name,1.0,江浦公园,gis_osm_landuse_a_free,True
park,大连路绿地,荆州路151号,平凉路街道,unresolved,,,,False
park,军工路环岛绿地,军工路1310号,长海路街道,unresolved,,,,False
park,唐家塔口袋公园,源泉路,控江路街道,high_fuzzy_name,1.0,唐家塔口袋公园,gis_osm_landuse_a_free,True
park,国伟路公共绿地,国伟路交叉路口,新江湾城街道,unresolved,,,,False
park,长阳路宁国路公共绿地,长阳路宁国路西南角,大桥街道,unresolved,,,,False
park,黄兴公园,营口路699号,长海路街道,high_fuzzy_name,1.0,黄兴公园,gis_osm_landuse_a_free,True
park,新江湾城公园,国秀路300号,新江湾城街道,exact_normalized_name,1.0,新江湾城社区卫生服务中心,gis_osm_pois_free,True
park,生态走廊一期,政悦路以南,新江湾城街道,unresolved,,,,False
park,生态走廊二期,政悦路以北,新江湾城街道,unresolved,,,,False
park,共青森林公园,军工路2000号,殷行街道,high_fuzzy_name,1.0,共青森林公园,gis_osm_landuse_a_free,True
elderly_care,上海市杨浦区社会福利院,松花江路55弄5号,长白新村街道,unresolved,,,,False
elderly_care,上海欣益养老院有限公司,民星路450号,殷行街道,unresolved,,,,False
elderly_care,上海杨浦区福象新江湾城老年福利院,政和路77号,新江湾城街道,unresolved,,,,False
elderly_care,上海市杨浦区社会福利院第一分院,怀德路802号,平凉路街道,unresolved,,,,False
elderly_care,上海杨浦区汇晨长白老年福利院,民治路15号,长白新村街道,unresolved,,,,False
elderly_care,上海杨浦区延吉街道养老院,控江路600号,延吉新村街道,unresolved,,,,False
elderly_care,上海市杨浦区长海路街道敬老院,翔殷路505弄9号,长海路街道,unresolved,,,,False
elderly_care,上海杨浦区长白新村街道长馨养老院,安图路18弄39号（延吉东路147号）,长白新村街道,unresolved,,,,False
elderly_care,上海杨浦区大桥社区老年公寓,平凉路1759号,大桥街道,unresolved,,,,False
elderly_care,上海杨浦区五角场街道敬老院,三门路358弄65号,五角场街道,unresolved,,,,False
elderly_care,上海市杨浦区殷行街道敬老院,开鲁路286弄7号,殷行街道,high_fuzzy_name,1.0,殷行社区卫生服务中心,gis_osm_pois_a_free,True
elderly_care,上海市杨浦区四平路街道敬老院,铁岭路50弄63号,四平路街道,high_fuzzy_name,1.0,四平,gis_osm_pois_free,True
elderly_care,上海杨浦区控江路街道敬老院,凤城三村31号,控江路街道,unresolved,,,,False
elderly_care,上海定海社区（顺平）长者照护之家,顺平路67号,定海路街道,unresolved,,,,False
elderly_care,上海五角场社区（国定）长者照护之家,国定支路24-28号,五角场街道,unresolved,,,,False
elderly_care,上海杨浦区殷行社区市光新村长者照护之家,市光一村106号二层、三层,殷行街道,unresolved,,,,False
elderly_care,上海殷行社区（闸殷）长者照护之家,闸殷路86号三、四层,殷行街道,unresolved,,,,False
elderly_care,上海杨浦区长海社区浣纱长者照护之家,国顺东路20号1-2楼,长海路街道,unresolved,,,,False
elderly_care,上海延吉社区（吉善）长者照护之家,延吉一村16号,延吉新村街道,unresolved,,,,False
elderly_care,上海杨浦区平凉社区（怀德）长者照护之家,平凉路624号一楼,平凉路街道,unresolved,,,,False
elderly_care,上海杨浦区长白社区（长福）长者照护之家,安图路18弄45号101-106室、202-206室,长白新村街道,unresolved,,,,False
elderly_care,上海杨浦区长白社区安康怡长者照护之家,松花一村32号甲,长白新村街道,unresolved,,,,False
elderly_care,上海杨浦区民星第二敬老院,市光二村89号,殷行街道,unresolved,,,,False
elderly_care,上海信养养老服务有限公司杨浦信澜养老院分公司,世界路203号,长海路街道,unresolved,,,,False
elderly_care,上海杨浦区新宇敬老院,沧州路180弄5号,控江路街道,unresolved,,,,False
elderly_care,上海杨浦区寿星敬老院,殷行路470弄52号,殷行街道,unresolved,,,,False
elderly_care,上海杨浦区水丰敬老院,控江路680弄12号,延吉新村街道,unresolved,,,,False
elderly_care,上海杨浦区中原敬老院,民星二村28号,殷行街道,unresolved,,,,False
elderly_care,上海杨浦区世纪养老院,政修路270号,五角场街道,unresolved,,,,False
elderly_care,上海舒雅园敬老院,眉州路470号,大桥街道,unresolved,,,,False
elderly_care,上海杨浦区新光敬老院,佳木斯路258号,长海路街道,unresolved,,,,False
elderly_care,上海杨浦区新世纪养老院,兰州路390号,平凉路街道,unresolved,,,,False
elderly_care,上海市杨浦香槟和熹会颐养院,江浦路321号,平凉路街道,unresolved,,,,False
elderly_care,上海杨浦区和禾和养老院,翔殷路121弄,长海路街道,unresolved,,,,False
elderly_care,上海杨浦区红日养老院,双阳路330号,控江路街道,unresolved,,,,False
elderly_care,上海阳光养老院,定海路150号,定海路街道,unresolved,,,,False
elderly_care,上海遐福养老院有限公司,辽源西路230弄18号,江浦路街道,unresolved,,,,False
elderly_care,上海杨浦区延吉街道耆乐园养老院,周家嘴路3531号,延吉新村街道,unresolved,,,,False
elderly_care,上海怡安养老院,松花江路327号,延吉新村街道,unresolved,,,,False
elderly_care,上海杨浦区久安养老院,国伟路300号E座,殷行街道,unresolved,,,,False
elderly_care,上海杨浦区康善养老院,辽源西路107号1、3、4、5、6、8号楼,江浦路街道,unresolved,,,,False
elderly_care,上海江浦社区（康善）长者照护之家,辽源西路107号2号楼,江浦路街道,unresolved,,,,False
elderly_care,上海杨浦区夕阳美阁养老院,济宁路488号,平凉路街道,unresolved,,,,False
elderly_care,上海市杨浦馨安老年公寓,内江路海尚大厦6号，6-1号，6-2号,定海路街道,unresolved,,,,False
elderly_care,上海市杨浦长寿家园密云养老院,大连西路50号、密云路358号,四平路街道,unresolved,,,,False
elderly_care,上海杨浦区市东敬老院,武东路55号,五角场街道,unresolved,,,,False
elderly_care,上海杨浦区爱光敬老院,波阳路301号1至8,定海路街道,unresolved,,,,False
elderly_care,上海杨浦区怡百康养老院,双阳支路19号,大桥街道,unresolved,,,,False
elderly_care,上海杨浦区快乐靖宇养老院,靖宇中路120号,控江路街道,unresolved,,,,False
elderly_care,上海杨浦区长恒养老院,殷行一村9号、殷行二村12号甲,殷行街道,unresolved,,,,False
elderly_care,上海杨浦区政民敬老院,政民路150弄12号,五角场街道,unresolved,,,,False
elderly_care,上海杨浦区鑫光养老院,宁武路622号,大桥街道,unresolved,,,,False
elderly_care,上海杨浦区红枫家园养老院,临青路377号,大桥街道,unresolved,,,,False
elderly_care,上海杨浦区康源养老院,永吉路158号,延吉新村街道,unresolved,,,,False
elderly_care,上海杨浦区夕阳红敬老院,市光四村106号,殷行街道,exact_normalized_name,1.0,夕阳红敬老院,gis_osm_buildings_a_free,True
elderly_care,上海杨浦区海康敬老院,隆昌路8号,定海路街道,unresolved,,,,False
elderly_care,上海杨浦区沁园春敬老院,延吉东路137弄21号,长白新村街道,unresolved,,,,False
elderly_care,上海杨浦区宏运敬老院,军工路400弄20号,定海路街道,unresolved,,,,False
elderly_care,上海杨浦区宏原敬老院,民星二村37号,殷行街道,unresolved,,,,False
elderly_care,上海杨浦区惠仁养老院,杭州路107弄20号,大桥街道,unresolved,,,,False
elderly_care,上海市杨浦人和养老院,市京一村7号,长海路街道,unresolved,,,,False
elderly_care,上海长白社区（常乐）长者照护之家,延吉东路131弄21号底层,长白新村街道,unresolved,,,,False
elderly_care,上海长白社区（常健）长者照护之家,松花一村55号104-107室底层；安图路160号底层,长白新村街道,unresolved,,,,False
elderly_care,上海大桥社区（常康）长者照护之家,渭南路51-53号底层,大桥街道,unresolved,,,,False
elderly_care,上海延吉社区红枫长者照护之家,控江七村34-36号,延吉新村街道,unresolved,,,,False
healthcare,上海市杨浦区定海社区卫生服务中心,爱国路77号,定海路街道,unresolved,,,,False
healthcare,上海市杨浦区大桥社区卫生服务中心,黄兴路300号,大桥街道,high_fuzzy_name,1.0,杨浦大桥公园,gis_osm_landuse_a_free,True
healthcare,上海市杨浦区平凉社区卫生服务中心,霍山路890号,平凉路街道,high_fuzzy_name,1.0,平凉公园,gis_osm_landuse_a_free,False
healthcare,杨浦区江浦社区卫生服务中心,许昌路1482号,江浦路街道,high_fuzzy_name,1.0,江浦公园,gis_osm_landuse_a_free,True
healthcare,杨浦区控江社区卫生服务中心,延吉西路100号,控江路街道,unresolved,,,,False
healthcare,上海市杨浦区延吉社区卫生服务中心,水丰路383号,延吉新村街道,unresolved,,,,False
healthcare,杨浦区长白社区卫生服务中心,松花江路15号,长白新村街道,high_fuzzy_name,1.0,长白社区文化活动中心,gis_osm_pois_a_free,True
healthcare,杨浦区四平社区卫生服务中心,铁岭路39号,四平路街道,high_fuzzy_name,1.0,四平,gis_osm_pois_free,True
healthcare,杨浦区殷行社区卫生服务中心,殷行路429号,殷行街道,high_fuzzy_name,1.0,殷行社区卫生服务中心,gis_osm_pois_a_free,True
healthcare,杨浦区五角场社区卫生服务中心,武东路9号,五角场街道,unresolved,,,,False
healthcare,杨浦区长海社区卫生服务中心,营口路760号,长海路街道,unresolved,,,,False
healthcare,杨浦区新江湾城社区卫生服务中心,政和路107号,新江湾城街道,exact_normalized_name,1.0,新江湾城社区卫生服务中心,gis_osm_pois_free,True
culture,定海路街道社区文化活动中心,长阳路3066号,定海路街道,unresolved,,,,False
culture,大桥街道社区文化活动中心,,大桥街道,high_fuzzy_name,1.0,杨浦大桥公园,gis_osm_landuse_a_free,True
culture,平凉路街道社区文化活动中心,怀德路399号,平凉路街道,high_fuzzy_name,1.0,平凉公园,gis_osm_landuse_a_free,False
culture,江浦路街道社区文化活动中心,许昌路1150号,江浦路街道,high_fuzzy_name,1.0,江浦公园,gis_osm_landuse_a_free,True
culture,控江路街道社区文化活动中心,黄兴路566号,控江路街道,unresolved,,,,False
culture,延吉新村街道社区文化活动中心,,延吉新村街道,unresolved,,,,False
culture,长白新村街道社区文化活动中心,延吉东路105号,长白新村街道,unresolved,,,,False
culture,四平路街道社区文化活动中心,,四平路街道,high_fuzzy_name,1.0,四平,gis_osm_pois_free,True
culture,殷行街道社区文化活动中心,市光三村164号,殷行街道,high_fuzzy_name,1.0,殷行社区卫生服务中心,gis_osm_pois_a_free,True
culture,五角场街道社区文化活动中心,政化路257号,五角场街道,unresolved,,,,False
culture,长海路街道社区文化活动中心,翔殷路505弄3号,长海路街道,unresolved,,,,False
culture,新江湾城街道社区文化活动中心,,新江湾城街道,exact_normalized_name,1.0,新江湾城社区卫生服务中心,gis_osm_pois_free,True
sports,杨浦区体育活动中心体育馆,周家嘴路3681号,,unresolved,,,,False
sports,杨浦区体育活动中心体育场,隆昌路640号,,unresolved,,,,False
sports,白洋淀足球场,长阳路3399号,,unresolved,,,,False
sports,江浦社区市民健身中心,辽源西路143号,,unresolved,,,,False
sports,长白228街坊运动健康中心,长白路160号（228街坊5号楼）,,unresolved,,,,False
sports,定海社区市民健身中心,爱国路350号,,unresolved,,,,False
sports,五角场街道市民健身驿站,政化路257号二楼,,unresolved,,,,False
sports,平凉路街道市民健身驿站,怀德路399号,,unresolved,,,,False
sports,江浦社区运动健康中心,许昌路1150号4楼,,unresolved,,,,False
sports,长海路街道市民健身驿站海尚店,闸殷路309号A栋1层,,unresolved,,,,False
sports,延春公园公共篮球场,营口路20号,,unresolved,,,,False
sports,白城路社区篮球场,白城路580号,,unresolved,,,,False
sports,白城路社区足球场,白城路580号,,unresolved,,,,False
sports,新江湾城社区政悦路市民运动球场,政悦路近殷行路,,unresolved,,,,False
sports,四平社区市民健身中心,本溪路274号,,unresolved,,,,False
sports,控江路社区运动健康中心,周家嘴路2865-2号,,unresolved,,,,False
sports,殷行社区运动健康中心,工农四村175号,,unresolved,,,,False
sports,新江湾城社区市民健身中心,国泓路392弄1单元4楼,,unresolved,,,,False
sports,定海百姓健身房,长阳路3066号负一楼,,unresolved,,,,False
sports,长海路街道市民健身驿站,翔殷路505弄3号一层,,unresolved,,,,False
