dataset,preferred_source,source_type,reference_date,status,notes
parks,Yangpu District Landscaping and City Appearance Administration,official district list,2021-09-29,acquired,22 records; area/type/subdistrict/address available
elderly_care,Yangpu District Civil Affairs Bureau,official institution list,2024-09-30,source identified,institution/address/subdistrict available; capacity to be reconciled with statistical yearbook/planning source
elderly_care_capacity,Yangpu Statistical Yearbook / elderly-care planning,official statistical/planning data,latest available,source identified,bed count/building area available for at least part of institutional inventory; requires entity reconciliation
healthcare,Yangpu District Government / Health Commission,official service pages,latest available,core layer acquired,12 community health service centres consolidated; 66-station network confirmed but station-level inventory deferred until complete same-period official list is reconciled.
culture,Yangpu District Government / culture authorities,official service/activity-centre pages,latest available,institutional core acquired,All 12 subdistrict cultural centres confirmed; unresolved main/branch or address changes retained explicitly for reconciliation.
sports,Yangpu District Sports Bureau,official public-opening information,2024-2025,high-confidence public/community layer acquired,20 official public/community sports facility records consolidated from 2024–2025 opening notices; facility tiers preserved.
population,Yangpu Statistical Yearbook / authoritative statistical source,official statistics,2020 baseline; 2024 district control,baseline acquired,"Complete authoritative 2020 census resident population acquired for all 12 subdistricts; 2024 district total retained as temporal control only, not redistributed."
subdistrict_boundary,authoritative/validated project boundary source,polygon geometry,latest available,authoritative semantic reference acquired; geometry pending QA,Official 12-unit names/codes frozen. Operational polygon geometry must retain actual source provenance and pass topology/area/adjacency QA.
pedestrian_network,OpenStreetMap,open geospatial data,current at acquisition,available,network extraction deferred until spatial boundary is frozen
