subdistrict_name,reference_area_km2,reference_year,source,qa_role
定海路街道,6.25,2020,Yangpu Statistical Yearbook 2021 / district planning-natural-resources data,historical_complete_reference
大桥街道,3.99,2024,Yangpu District Government - Daqiao subdistrict profile,current_verified_override
平凉路街道,3.22,2020,Yangpu Statistical Yearbook 2021 / district planning-natural-resources data,historical_complete_reference
江浦路街道,2.31,2020,Yangpu Statistical Yearbook 2021 / district planning-natural-resources data,historical_complete_reference
四平路街道,2.64,2020,Yangpu Statistical Yearbook 2021 / district planning-natural-resources data,historical_complete_reference
控江路街道,2.15,2025,Yangpu District Government - Kongjiang subdistrict profile,current_verified_override
长白新村街道,3.04,2020,Yangpu Statistical Yearbook 2021 / district planning-natural-resources data,historical_complete_reference
延吉新村街道,1.96,2020,Yangpu Statistical Yearbook 2021 / district planning-natural-resources data,historical_complete_reference
殷行街道,9.52,2020,Yangpu Statistical Yearbook 2021 / district planning-natural-resources data,historical_complete_reference
五角场街道,7.44,2020,Yangpu Statistical Yearbook 2021 / district planning-natural-resources data,historical_complete_reference
长海路街道,8.99,2020,Yangpu Statistical Yearbook 2021 / district planning-natural-resources data,historical_complete_reference_needs_current_reconciliation
新江湾城街道,8.69,2020,Yangpu Statistical Yearbook 2021 / district planning-natural-resources data,historical_complete_reference
