source_record_id,facility_name,address,subdistrict_name,address_status,facility_type,subtype,institutional_grade,source,source_reference,geometry_status
1,定海路街道社区文化活动中心,长阳路3066号,定海路街道,verified,culture,community_cultural_activity_centre,grade_1_centre,Yangpu District Government / district culture authorities,2024 municipal evaluation + 2024/2025 official service/activity notices,not_geocoded
2,大桥街道社区文化活动中心,,大桥街道,pending_address_verification,culture,community_cultural_activity_centre,grade_1_centre,Yangpu District Government / district culture authorities,2024 municipal evaluation + 2024/2025 official service/activity notices,not_geocoded
3,平凉路街道社区文化活动中心,怀德路399号,平凉路街道,verified,culture,community_cultural_activity_centre,grade_1_centre,Yangpu District Government / district culture authorities,2024 municipal evaluation + 2024/2025 official service/activity notices,not_geocoded
4,江浦路街道社区文化活动中心,许昌路1150号,江浦路街道,verified,culture,community_cultural_activity_centre,grade_1_centre,Yangpu District Government / district culture authorities,2024 municipal evaluation + 2024/2025 official service/activity notices,not_geocoded
5,控江路街道社区文化活动中心,黄兴路566号,控江路街道,centre_or_branch_needs_reconciliation,culture,community_cultural_activity_centre,grade_1_centre,Yangpu District Government / district culture authorities,2024 municipal evaluation + 2024/2025 official service/activity notices,not_geocoded
6,延吉新村街道社区文化活动中心,,延吉新村街道,multiple_official_activity_addresses_needs_reconciliation,culture,community_cultural_activity_centre,grade_1_centre,Yangpu District Government / district culture authorities,2024 municipal evaluation + 2024/2025 official service/activity notices,not_geocoded
7,长白新村街道社区文化活动中心,延吉东路105号,长白新村街道,verified,culture,community_cultural_activity_centre,demonstration_centre,Yangpu District Government / district culture authorities,2024 municipal evaluation + 2024/2025 official service/activity notices,not_geocoded
8,四平路街道社区文化活动中心,,四平路街道,multiple_official_addresses_needs_reconciliation,culture,community_cultural_activity_centre,grade_1_centre,Yangpu District Government / district culture authorities,2024 municipal evaluation + 2024/2025 official service/activity notices,not_geocoded
9,殷行街道社区文化活动中心,市光三村164号,殷行街道,verified,culture,community_cultural_activity_centre,grade_1_centre,Yangpu District Government / district culture authorities,2024 municipal evaluation + 2024/2025 official service/activity notices,not_geocoded
10,五角场街道社区文化活动中心,政化路257号,五角场街道,verified,culture,community_cultural_activity_centre,demonstration_centre,Yangpu District Government / district culture authorities,2024 municipal evaluation + 2024/2025 official service/activity notices,not_geocoded
11,长海路街道社区文化活动中心,翔殷路505弄3号,长海路街道,verified,culture,community_cultural_activity_centre,demonstration_centre,Yangpu District Government / district culture authorities,2024 municipal evaluation + 2024/2025 official service/activity notices,not_geocoded
12,新江湾城街道社区文化活动中心,,新江湾城街道,pending_address_verification,culture,community_cultural_activity_centre,demonstration_centre,Yangpu District Government / district culture authorities,2024 municipal evaluation + 2024/2025 official service/activity notices,not_geocoded
