source_record_id,facility_name,address,subtype,facility_tier,facility_type,source,source_reference,geometry_status,record_status
1,杨浦区体育活动中心体育馆,周家嘴路3681号,public_sports_venue,district,sports,Yangpu District Government / Yangpu District Sports Bureau,2024–2025 official public-opening notices,not_geocoded,verified_official_opening_record
2,杨浦区体育活动中心体育场,隆昌路640号,public_sports_venue,district,sports,Yangpu District Government / Yangpu District Sports Bureau,2024–2025 official public-opening notices,not_geocoded,verified_official_opening_record
3,白洋淀足球场,长阳路3399号,public_sports_venue,district,sports,Yangpu District Government / Yangpu District Sports Bureau,2024–2025 official public-opening notices,not_geocoded,verified_official_opening_record
4,江浦社区市民健身中心,辽源西路143号,community_fitness_centre,community,sports,Yangpu District Government / Yangpu District Sports Bureau,2024–2025 official public-opening notices,not_geocoded,verified_official_opening_record
5,长白228街坊运动健康中心,长白路160号（228街坊5号楼）,community_fitness_centre,community,sports,Yangpu District Government / Yangpu District Sports Bureau,2024–2025 official public-opening notices,not_geocoded,verified_official_opening_record
6,定海社区市民健身中心,爱国路350号,community_fitness_centre,community,sports,Yangpu District Government / Yangpu District Sports Bureau,2024–2025 official public-opening notices,not_geocoded,verified_official_opening_record
7,五角场街道市民健身驿站,政化路257号二楼,community_fitness_station,community,sports,Yangpu District Government / Yangpu District Sports Bureau,2024–2025 official public-opening notices,not_geocoded,verified_official_opening_record
8,平凉路街道市民健身驿站,怀德路399号,community_fitness_station,community,sports,Yangpu District Government / Yangpu District Sports Bureau,2024–2025 official public-opening notices,not_geocoded,verified_official_opening_record
9,江浦社区运动健康中心,许昌路1150号4楼,community_fitness_station,community,sports,Yangpu District Government / Yangpu District Sports Bureau,2024–2025 official public-opening notices,not_geocoded,verified_official_opening_record
10,长海路街道市民健身驿站海尚店,闸殷路309号A栋1层,community_fitness_station,community,sports,Yangpu District Government / Yangpu District Sports Bureau,2024–2025 official public-opening notices,not_geocoded,verified_official_opening_record
11,延春公园公共篮球场,营口路20号,public_ball_court,community,sports,Yangpu District Government / Yangpu District Sports Bureau,2024–2025 official public-opening notices,not_geocoded,verified_official_opening_record
12,白城路社区篮球场,白城路580号,public_ball_court,community,sports,Yangpu District Government / Yangpu District Sports Bureau,2024–2025 official public-opening notices,not_geocoded,verified_official_opening_record
13,白城路社区足球场,白城路580号,public_ball_court,community,sports,Yangpu District Government / Yangpu District Sports Bureau,2024–2025 official public-opening notices,not_geocoded,verified_official_opening_record
14,新江湾城社区政悦路市民运动球场,政悦路近殷行路,public_ball_court,community,sports,Yangpu District Government / Yangpu District Sports Bureau,2024–2025 official public-opening notices,not_geocoded,verified_official_opening_record
15,四平社区市民健身中心,本溪路274号,community_fitness_centre,community,sports,Yangpu District Government / Yangpu District Sports Bureau,2024–2025 official public-opening notices,not_geocoded,verified_official_opening_record
16,控江路社区运动健康中心,周家嘴路2865-2号,community_fitness_centre,community,sports,Yangpu District Government / Yangpu District Sports Bureau,2024–2025 official public-opening notices,not_geocoded,verified_official_opening_record
17,殷行社区运动健康中心,工农四村175号,community_fitness_centre,community,sports,Yangpu District Government / Yangpu District Sports Bureau,2024–2025 official public-opening notices,not_geocoded,verified_official_opening_record
18,新江湾城社区市民健身中心,国泓路392弄1单元4楼,community_fitness_centre,community,sports,Yangpu District Government / Yangpu District Sports Bureau,2024–2025 official public-opening notices,not_geocoded,verified_official_opening_record
19,定海百姓健身房,长阳路3066号负一楼,community_fitness_station,community,sports,Yangpu District Government / Yangpu District Sports Bureau,2024–2025 official public-opening notices,not_geocoded,verified_official_opening_record
20,长海路街道市民健身驿站,翔殷路505弄3号一层,community_fitness_station,community,sports,Yangpu District Government / Yangpu District Sports Bureau,2024–2025 official public-opening notices,not_geocoded,verified_official_opening_record
