source_record_id,facility_name,area_m2,park_type,subdistrict_raw,address,registry_year,star_rating,management,subdistrict_name,facility_type,source,source_date,source_url,geometry_status
1,杨浦公园,217100.0,综合公园,延吉街道,双阳路399号,,四星,区局,延吉新村街道,park,Yangpu District Landscaping and City Appearance Administration,2021-09-29,https://www.shyp.gov.cn/zhengwu/lhsrj-gyldjshgl/2025/219/ccdac7cd0ca304a5b3faa5d23580b516.html,not_geocoded
2,波阳公园,9000.0,社区公园,定海街道,波阳路200号,,三星,区局,定海路街道,park,Yangpu District Landscaping and City Appearance Administration,2021-09-29,https://www.shyp.gov.cn/zhengwu/lhsrj-gyldjshgl/2025/219/ccdac7cd0ca304a5b3faa5d23580b516.html,not_geocoded
3,惠民公园,8000.0,社区公园,平凉街道,惠民路724号,,三星,区局,平凉路街道,park,Yangpu District Landscaping and City Appearance Administration,2021-09-29,https://www.shyp.gov.cn/zhengwu/lhsrj-gyldjshgl/2025/219/ccdac7cd0ca304a5b3faa5d23580b516.html,not_geocoded
4,平凉公园,13600.0,社区公园,大桥街道,平凉路1738号,,三星,区局,大桥街道,park,Yangpu District Landscaping and City Appearance Administration,2021-09-29,https://www.shyp.gov.cn/zhengwu/lhsrj-gyldjshgl/2025/219/ccdac7cd0ca304a5b3faa5d23580b516.html,not_geocoded
5,复兴岛公园,41900.0,社区公园,定海街道,共青路386号,,三星,区局,定海路街道,park,Yangpu District Landscaping and City Appearance Administration,2021-09-29,https://www.shyp.gov.cn/zhengwu/lhsrj-gyldjshgl/2025/219/ccdac7cd0ca304a5b3faa5d23580b516.html,not_geocoded
6,延春公园,12900.0,社区公园,延吉街道,营口路20号,,三星,区局,延吉新村街道,park,Yangpu District Landscaping and City Appearance Administration,2021-09-29,https://www.shyp.gov.cn/zhengwu/lhsrj-gyldjshgl/2025/219/ccdac7cd0ca304a5b3faa5d23580b516.html,not_geocoded
7,松鹤公园,15100.0,社区公园,四平街道,抚顺路240号,,三星,区局,四平路街道,park,Yangpu District Landscaping and City Appearance Administration,2021-09-29,https://www.shyp.gov.cn/zhengwu/lhsrj-gyldjshgl/2025/219/ccdac7cd0ca304a5b3faa5d23580b516.html,not_geocoded
8,内江公园,14400.0,社区公园,长白街道,控江路261号,,三星,区局,长白新村街道,park,Yangpu District Landscaping and City Appearance Administration,2021-09-29,https://www.shyp.gov.cn/zhengwu/lhsrj-gyldjshgl/2025/219/ccdac7cd0ca304a5b3faa5d23580b516.html,not_geocoded
9,工农公园,16000.0,社区公园,殷行街道,包头路929号,,三星,区局,殷行街道,park,Yangpu District Landscaping and City Appearance Administration,2021-09-29,https://www.shyp.gov.cn/zhengwu/lhsrj-gyldjshgl/2025/219/ccdac7cd0ca304a5b3faa5d23580b516.html,not_geocoded
10,民星公园,32000.0,社区公园,殷行街道,嫩江路1111号,,三星,区局,殷行街道,park,Yangpu District Landscaping and City Appearance Administration,2021-09-29,https://www.shyp.gov.cn/zhengwu/lhsrj-gyldjshgl/2025/219/ccdac7cd0ca304a5b3faa5d23580b516.html,not_geocoded
11,四平科技公园,50000.0,社区公园,四平街道,四平路1777号,,三星,区局,四平路街道,park,Yangpu District Landscaping and City Appearance Administration,2021-09-29,https://www.shyp.gov.cn/zhengwu/lhsrj-gyldjshgl/2025/219/ccdac7cd0ca304a5b3faa5d23580b516.html,not_geocoded
12,江浦公园,38500.0,社区公园,江浦街道,长阳路1111号,,三星,区局,江浦路街道,park,Yangpu District Landscaping and City Appearance Administration,2021-09-29,https://www.shyp.gov.cn/zhengwu/lhsrj-gyldjshgl/2025/219/ccdac7cd0ca304a5b3faa5d23580b516.html,not_geocoded
13,大连路绿地,27100.0,社区公园,平凉街道,荆州路151号,2016,三星,区局,平凉路街道,park,Yangpu District Landscaping and City Appearance Administration,2021-09-29,https://www.shyp.gov.cn/zhengwu/lhsrj-gyldjshgl/2025/219/ccdac7cd0ca304a5b3faa5d23580b516.html,not_geocoded
14,军工路环岛绿地,5000.0,街心花园,长海路街道,军工路1310号,2018,其他,区局,长海路街道,park,Yangpu District Landscaping and City Appearance Administration,2021-09-29,https://www.shyp.gov.cn/zhengwu/lhsrj-gyldjshgl/2025/219/ccdac7cd0ca304a5b3faa5d23580b516.html,not_geocoded
15,唐家塔口袋公园,4000.0,街心花园,控江街道,源泉路,2019,其他,区局,控江路街道,park,Yangpu District Landscaping and City Appearance Administration,2021-09-29,https://www.shyp.gov.cn/zhengwu/lhsrj-gyldjshgl/2025/219/ccdac7cd0ca304a5b3faa5d23580b516.html,not_geocoded
16,国伟路公共绿地,5467.5,街心花园,新江湾城,国伟路交叉路口,2020,其他,区局,新江湾城街道,park,Yangpu District Landscaping and City Appearance Administration,2021-09-29,https://www.shyp.gov.cn/zhengwu/lhsrj-gyldjshgl/2025/219/ccdac7cd0ca304a5b3faa5d23580b516.html,not_geocoded
17,长阳路宁国路公共绿地,3119.6,街心花园,大桥街道,长阳路宁国路西南角,2020,其他,区局,大桥街道,park,Yangpu District Landscaping and City Appearance Administration,2021-09-29,https://www.shyp.gov.cn/zhengwu/lhsrj-gyldjshgl/2025/219/ccdac7cd0ca304a5b3faa5d23580b516.html,not_geocoded
18,黄兴公园,398600.0,综合公园,长海路街道,营口路699号,,四星,区城投,长海路街道,park,Yangpu District Landscaping and City Appearance Administration,2021-09-29,https://www.shyp.gov.cn/zhengwu/lhsrj-gyldjshgl/2025/219/ccdac7cd0ca304a5b3faa5d23580b516.html,not_geocoded
19,新江湾城公园,73500.0,社区公园,新江湾城,国秀路300号,2017,三星,区局,新江湾城街道,park,Yangpu District Landscaping and City Appearance Administration,2021-09-29,https://www.shyp.gov.cn/zhengwu/lhsrj-gyldjshgl/2025/219/ccdac7cd0ca304a5b3faa5d23580b516.html,not_geocoded
20,生态走廊一期,124700.0,社区公园,新江湾城,政悦路以南,2018,基础级,区局,新江湾城街道,park,Yangpu District Landscaping and City Appearance Administration,2021-09-29,https://www.shyp.gov.cn/zhengwu/lhsrj-gyldjshgl/2025/219/ccdac7cd0ca304a5b3faa5d23580b516.html,not_geocoded
21,生态走廊二期,114000.0,社区公园,新江湾城,政悦路以北,2019,基础级,区局,新江湾城街道,park,Yangpu District Landscaping and City Appearance Administration,2021-09-29,https://www.shyp.gov.cn/zhengwu/lhsrj-gyldjshgl/2025/219/ccdac7cd0ca304a5b3faa5d23580b516.html,not_geocoded
22,共青森林公园,1247400.0,综合公园,殷行街道,军工路2000号,,五星,市局,殷行街道,park,Yangpu District Landscaping and City Appearance Administration,2021-09-29,https://www.shyp.gov.cn/zhengwu/lhsrj-gyldjshgl/2025/219/ccdac7cd0ca304a5b3faa5d23580b516.html,not_geocoded
