subdistrict_id,subdistrict_name,district_id,district_name,admin_reference_date,source
310110001,定海路街道,310110,杨浦区,2024-12-31,Shanghai Civil Affairs Bureau
310110006,平凉路街道,310110,杨浦区,2024-12-31,Shanghai Civil Affairs Bureau
310110008,江浦路街道,310110,杨浦区,2024-12-31,Shanghai Civil Affairs Bureau
310110009,四平路街道,310110,杨浦区,2024-12-31,Shanghai Civil Affairs Bureau
310110012,控江路街道,310110,杨浦区,2024-12-31,Shanghai Civil Affairs Bureau
310110013,长白新村街道,310110,杨浦区,2024-12-31,Shanghai Civil Affairs Bureau
310110015,延吉新村街道,310110,杨浦区,2024-12-31,Shanghai Civil Affairs Bureau
310110016,殷行街道,310110,杨浦区,2024-12-31,Shanghai Civil Affairs Bureau
310110018,大桥街道,310110,杨浦区,2024-12-31,Shanghai Civil Affairs Bureau
310110019,五角场街道,310110,杨浦区,2024-12-31,Shanghai Civil Affairs Bureau
310110020,新江湾城街道,310110,杨浦区,2024-12-31,Shanghai Civil Affairs Bureau
310110021,长海路街道,310110,杨浦区,2024-12-31,Shanghai Civil Affairs Bureau
