subdistrict_id,subdistrict_name,population_total,population_type,reference_year,source,role,temporal_status
310110001,定海路街道,89600,resident_population,2020,Yangpu District Seventh National Population Census,subdistrict_demand_baseline,latest_complete_authoritative_subdistrict_resident_population_table_verified_for_project
310110006,平凉路街道,57800,resident_population,2020,Yangpu District Seventh National Population Census,subdistrict_demand_baseline,latest_complete_authoritative_subdistrict_resident_population_table_verified_for_project
310110008,江浦路街道,82400,resident_population,2020,Yangpu District Seventh National Population Census,subdistrict_demand_baseline,latest_complete_authoritative_subdistrict_resident_population_table_verified_for_project
310110009,四平路街道,92400,resident_population,2020,Yangpu District Seventh National Population Census,subdistrict_demand_baseline,latest_complete_authoritative_subdistrict_resident_population_table_verified_for_project
310110012,控江路街道,102800,resident_population,2020,Yangpu District Seventh National Population Census,subdistrict_demand_baseline,latest_complete_authoritative_subdistrict_resident_population_table_verified_for_project
310110013,长白新村街道,73800,resident_population,2020,Yangpu District Seventh National Population Census,subdistrict_demand_baseline,latest_complete_authoritative_subdistrict_resident_population_table_verified_for_project
310110015,延吉新村街道,84900,resident_population,2020,Yangpu District Seventh National Population Census,subdistrict_demand_baseline,latest_complete_authoritative_subdistrict_resident_population_table_verified_for_project
310110016,殷行街道,182500,resident_population,2020,Yangpu District Seventh National Population Census,subdistrict_demand_baseline,latest_complete_authoritative_subdistrict_resident_population_table_verified_for_project
310110018,大桥街道,95400,resident_population,2020,Yangpu District Seventh National Population Census,subdistrict_demand_baseline,latest_complete_authoritative_subdistrict_resident_population_table_verified_for_project
310110019,五角场街道,144700,resident_population,2020,Yangpu District Seventh National Population Census,subdistrict_demand_baseline,latest_complete_authoritative_subdistrict_resident_population_table_verified_for_project
310110020,新江湾城街道,69400,resident_population,2020,Yangpu District Seventh National Population Census,subdistrict_demand_baseline,latest_complete_authoritative_subdistrict_resident_population_table_verified_for_project
310110021,长海路街道,166900,resident_population,2020,Yangpu District Seventh National Population Census,subdistrict_demand_baseline,latest_complete_authoritative_subdistrict_resident_population_table_verified_for_project
