planning_facility_name,planned_beds,planning_subdistrict_raw,capacity_type,source
上海阳光养老院,102,定海,planned_2025,Yangpu Elderly-care Service Facilities Layout Special Plan (2022–2035)
上海杨浦区海康敬老院,86,定海,planned_2025,Yangpu Elderly-care Service Facilities Layout Special Plan (2022–2035)
上海杨浦区宏运敬老院,131,定海,planned_2025,Yangpu Elderly-care Service Facilities Layout Special Plan (2022–2035)
上海杨浦区馨安老年公寓,120,定海,planned_2025,Yangpu Elderly-care Service Facilities Layout Special Plan (2022–2035)
上海市杨浦区大桥街道敬老院,47,大桥,planned_2025,Yangpu Elderly-care Service Facilities Layout Special Plan (2022–2035)
上海舒雅园敬老院,100,大桥,planned_2025,Yangpu Elderly-care Service Facilities Layout Special Plan (2022–2035)
上海杨浦区大桥社区老年公寓,238,大桥,planned_2025,Yangpu Elderly-care Service Facilities Layout Special Plan (2022–2035)
上海杨浦区惠仁养老院,50,大桥,planned_2025,Yangpu Elderly-care Service Facilities Layout Special Plan (2022–2035)
上海杨浦区红枫家园养老院,77,大桥,planned_2025,Yangpu Elderly-care Service Facilities Layout Special Plan (2022–2035)
上海杨浦区鑫光养老院,80,大桥,planned_2025,Yangpu Elderly-care Service Facilities Layout Special Plan (2022–2035)
上海市杨浦区社会福利院第一分院,244,平凉,planned_2025,Yangpu Elderly-care Service Facilities Layout Special Plan (2022–2035)
上海杨浦区夕阳美阁养老院,166,平凉,planned_2025,Yangpu Elderly-care Service Facilities Layout Special Plan (2022–2035)
上海遐福养老院有限公司,311,江浦,planned_2025,Yangpu Elderly-care Service Facilities Layout Special Plan (2022–2035)
上海杨浦区健乐海阳养老院,69,江浦,planned_2025,Yangpu Elderly-care Service Facilities Layout Special Plan (2022–2035)
上海杨浦区红日养老院,90,控江,planned_2025,Yangpu Elderly-care Service Facilities Layout Special Plan (2022–2035)
上海杨浦区控江路街道敬老院,43,控江,planned_2025,Yangpu Elderly-care Service Facilities Layout Special Plan (2022–2035)
上海杨浦区新宇敬老院,43,控江,planned_2025,Yangpu Elderly-care Service Facilities Layout Special Plan (2022–2035)
上海杨浦区快乐靖宇养老院,111,控江,planned_2025,Yangpu Elderly-care Service Facilities Layout Special Plan (2022–2035)
上海杨浦区水丰敬老院,28,延吉,planned_2025,Yangpu Elderly-care Service Facilities Layout Special Plan (2022–2035)
上海杨浦区延吉街道耆乐园养老院,291,延吉,planned_2025,Yangpu Elderly-care Service Facilities Layout Special Plan (2022–2035)
上海杨浦区延吉街道养老院,209,延吉,planned_2025,Yangpu Elderly-care Service Facilities Layout Special Plan (2022–2035)
上海杨浦区康源养老院,185,延吉,planned_2025,Yangpu Elderly-care Service Facilities Layout Special Plan (2022–2035)
上海怡安养老院,142,延吉,planned_2025,Yangpu Elderly-care Service Facilities Layout Special Plan (2022–2035)
上海市杨浦区社会福利院,804,长白,planned_2025,Yangpu Elderly-care Service Facilities Layout Special Plan (2022–2035)
上海杨浦区高乐寿养老院,251,长白,planned_2025,Yangpu Elderly-care Service Facilities Layout Special Plan (2022–2035)
上海杨浦区光大汇晨长白老年福利院,370,长白,planned_2025,Yangpu Elderly-care Service Facilities Layout Special Plan (2022–2035)
上海杨浦区沁园春敬老院,38,长白,planned_2025,Yangpu Elderly-care Service Facilities Layout Special Plan (2022–2035)
上海杨浦区长白新村街道长馨养老院,105,长白,planned_2025,Yangpu Elderly-care Service Facilities Layout Special Plan (2022–2035)
上海市杨浦区四平路街道敬老院,72,四平,planned_2025,Yangpu Elderly-care Service Facilities Layout Special Plan (2022–2035)
上海杨浦区长寿家园密云养老院,236,四平,planned_2025,Yangpu Elderly-care Service Facilities Layout Special Plan (2022–2035)
上海市杨浦区殷行街道敬老院,99,殷行,planned_2025,Yangpu Elderly-care Service Facilities Layout Special Plan (2022–2035)
上海欣益养老院有限公司,400,殷行,planned_2025,Yangpu Elderly-care Service Facilities Layout Special Plan (2022–2035)
上海杨浦区慈心敬老院,43,殷行,planned_2025,Yangpu Elderly-care Service Facilities Layout Special Plan (2022–2035)
上海杨浦区宏原敬老院,43,殷行,planned_2025,Yangpu Elderly-care Service Facilities Layout Special Plan (2022–2035)
上海杨浦区民星第二敬老院,42,殷行,planned_2025,Yangpu Elderly-care Service Facilities Layout Special Plan (2022–2035)
上海杨浦区寿星敬老院,39,殷行,planned_2025,Yangpu Elderly-care Service Facilities Layout Special Plan (2022–2035)
上海杨浦区夕阳红敬老院,68,殷行,planned_2025,Yangpu Elderly-care Service Facilities Layout Special Plan (2022–2035)
上海杨浦区长恒养老院,46,殷行,planned_2025,Yangpu Elderly-care Service Facilities Layout Special Plan (2022–2035)
上海杨浦区中原敬老院,44,殷行,planned_2025,Yangpu Elderly-care Service Facilities Layout Special Plan (2022–2035)
上海星益养老院有限公司,110,五角场,planned_2025,Yangpu Elderly-care Service Facilities Layout Special Plan (2022–2035)
